Domain,Is_Homoglyph,Base_Skeleton,Targeted_Brand_Detected,Substitutions_Identified,Techniques
aclobe.biz,YES,adobe.biz,adobe,cl (U+0063 U+006C) -> d (U+0064),Composite (ASCII)
aclobe.cc,YES,adobe.cc,adobe,cl (U+0063 U+006C) -> d (U+0064),Composite (ASCII)
aclobe.click,YES,adobe.dick,adobe,cl (U+0063 U+006C) -> d (U+0064); cl (U+0063 U+006C) -> d (U+0064),Composite (ASCII)
aclobe.co,YES,adobe.co,adobe,cl (U+0063 U+006C) -> d (U+0064),Composite (ASCII)
aclobe.com,YES,adobe.com,adobe,cl (U+0063 U+006C) -> d (U+0064),Composite (ASCII)
aclobe.net,YES,adobe.net,adobe,cl (U+0063 U+006C) -> d (U+0064),Composite (ASCII)
aclobe.online,YES,adobe.online,adobe,cl (U+0063 U+006C) -> d (U+0064),Composite (ASCII)
aclobe.store,YES,adobe.store,adobe,cl (U+0063 U+006C) -> d (U+0064),Composite (ASCII)
aclobe.vip,YES,adobe.vip,adobe,cl (U+0063 U+006C) -> d (U+0064),Composite (ASCII)
aclobe.xyz,YES,adobe.xyz,adobe,cl (U+0063 U+006C) -> d (U+0064),Composite (ASCII)
adobè.biz,YES,adobe.biz,adobe,,
adobè.net,YES,adobe.net,adobe,,
adobè.online,YES,adobe.online,adobe,,
adobè.org,YES,adobe.org,adobe,,
adobè.top,YES,adobe.top,adobe,,
adobè.xyz,YES,adobe.xyz,adobe,,
adobé.cc,YES,adobe.cc,adobe,é (U+00E9) -> e (U+0065),Single-Character
adobé.com,YES,adobe.com,adobe,é (U+00E9) -> e (U+0065),Single-Character
adobé.info,YES,adobe.info,adobe,é (U+00E9) -> e (U+0065),Single-Character
adobé.online,YES,adobe.online,adobe,é (U+00E9) -> e (U+0065),Single-Character
adobé.site,YES,adobe.site,adobe,é (U+00E9) -> e (U+0065),Single-Character
adobé.top,YES,adobe.top,adobe,é (U+00E9) -> e (U+0065),Single-Character
adobé.vip,YES,adobe.vip,adobe,é (U+00E9) -> e (U+0065),Single-Character
adobе.cc,YES,adobe.cc,adobe,е (U+0435) -> e (U+0065),Single-Character
adobе.online,YES,adobe.online,adobe,е (U+0435) -> e (U+0065),Single-Character
adobе.site,YES,adobe.site,adobe,е (U+0435) -> e (U+0065),Single-Character
adoloe.cc,YES,adobe.cc,adobe,lo (U+006C U+006F) -> b (U+0062),Composite (ASCII)
adoloe.co,YES,adobe.co,adobe,lo (U+006C U+006F) -> b (U+0062),Composite (ASCII)
adoloe.com,YES,adobe.com,adobe,lo (U+006C U+006F) -> b (U+0062),Composite (ASCII)
adoloe.info,YES,adobe.info,adobe,lo (U+006C U+006F) -> b (U+0062),Composite (ASCII)
adoloe.net,YES,adobe.net,adobe,lo (U+006C U+006F) -> b (U+0062),Composite (ASCII)
adoloe.online,YES,adobe.online,adobe,lo (U+006C U+006F) -> b (U+0062),Composite (ASCII)
adoloe.org,YES,adobe.org,adobe,lo (U+006C U+006F) -> b (U+0062),Composite (ASCII)
adoloe.store,YES,adobe.store,adobe,lo (U+006C U+006F) -> b (U+0062),Composite (ASCII)
adoloe.vip,YES,adobe.vip,adobe,lo (U+006C U+006F) -> b (U+0062),Composite (ASCII)
adoloe.xyz,YES,adobe.xyz,adobe,lo (U+006C U+006F) -> b (U+0062),Composite (ASCII)
adоbe.com,YES,adobe.com,adobe,о (U+043E) -> o (U+006F),Single-Character
adоbe.org,YES,adobe.org,adobe,о (U+043E) -> o (U+006F),Single-Character
adоbe.site,YES,adobe.site,adobe,о (U+043E) -> o (U+006F),Single-Character
adоbe.vip,YES,adobe.vip,adobe,о (U+043E) -> o (U+006F),Single-Character
adօbe.biz,YES,adobe.biz,adobe,օ (U+0585) -> o (U+006F),Single-Character
adօbe.click,YES,adobe.dick,adobe,օ (U+0585) -> o (U+006F); cl (U+0063 U+006C) -> d (U+0064),Single-Character; Composite (ASCII)
adօbe.info,YES,adobe.info,adobe,օ (U+0585) -> o (U+006F),Single-Character
adօbe.org,YES,adobe.org,adobe,օ (U+0585) -> o (U+006F),Single-Character
adօbe.top,YES,adobe.top,adobe,օ (U+0585) -> o (U+006F),Single-Character
adօbe.xyz,YES,adobe.xyz,adobe,օ (U+0585) -> o (U+006F),Single-Character
ad໐be.biz,YES,adobe.biz,adobe,໐ (U+0ED0) -> o (U+006F),Single-Character
ad໐be.cc,YES,adobe.cc,adobe,໐ (U+0ED0) -> o (U+006F),Single-Character
ad໐be.click,YES,adobe.dick,adobe,໐ (U+0ED0) -> o (U+006F); cl (U+0063 U+006C) -> d (U+0064),Single-Character; Composite (ASCII)
ad໐be.co,YES,adobe.co,adobe,໐ (U+0ED0) -> o (U+006F),Single-Character
ad໐be.info,YES,adobe.info,adobe,໐ (U+0ED0) -> o (U+006F),Single-Character
ad໐be.org,YES,adobe.org,adobe,໐ (U+0ED0) -> o (U+006F),Single-Character
ad໐be.site,YES,adobe.site,adobe,໐ (U+0ED0) -> o (U+006F),Single-Character
ad໐be.store,YES,adobe.store,adobe,໐ (U+0ED0) -> o (U+006F),Single-Character
ad໐be.vip,YES,adobe.vip,adobe,໐ (U+0ED0) -> o (U+006F),Single-Character
airbnlo.cc,YES,airbnb.cc,airbnb,lo (U+006C U+006F) -> b (U+0062),Composite (ASCII)
airbnlo.click,YES,airbnb.dick,airbnb,lo (U+006C U+006F) -> b (U+0062); cl (U+0063 U+006C) -> d (U+0064),Composite (ASCII)
airbnlo.co,YES,airbnb.co,airbnb,lo (U+006C U+006F) -> b (U+0062),Composite (ASCII)
airbnlo.com,YES,airbnb.com,airbnb,lo (U+006C U+006F) -> b (U+0062),Composite (ASCII)
airbnlo.info,YES,airbnb.info,airbnb,lo (U+006C U+006F) -> b (U+0062),Composite (ASCII)
airbnlo.net,YES,airbnb.net,airbnb,lo (U+006C U+006F) -> b (U+0062),Composite (ASCII)
airbnlo.online,YES,airbnb.online,airbnb,lo (U+006C U+006F) -> b (U+0062),Composite (ASCII)
airbnlo.org,YES,airbnb.org,airbnb,lo (U+006C U+006F) -> b (U+0062),Composite (ASCII)
airbnlo.site,YES,airbnb.site,airbnb,lo (U+006C U+006F) -> b (U+0062),Composite (ASCII)
airbnlo.store,YES,airbnb.store,airbnb,lo (U+006C U+006F) -> b (U+0062),Composite (ASCII)
airbnlo.top,YES,airbnb.top,airbnb,lo (U+006C U+006F) -> b (U+0062),Composite (ASCII)
airbnlo.vip,YES,airbnb.vip,airbnb,lo (U+006C U+006F) -> b (U+0062),Composite (ASCII)
airbnlo.xyz,YES,airbnb.xyz,airbnb,lo (U+006C U+006F) -> b (U+0062),Composite (ASCII)
airlonb.biz,YES,airbnb.biz,airbnb,lo (U+006C U+006F) -> b (U+0062),Composite (ASCII)
airlonb.click,YES,airbnb.dick,airbnb,lo (U+006C U+006F) -> b (U+0062); cl (U+0063 U+006C) -> d (U+0064),Composite (ASCII)
airlonb.co,YES,airbnb.co,airbnb,lo (U+006C U+006F) -> b (U+0062),Composite (ASCII)
airlonb.com,YES,airbnb.com,airbnb,lo (U+006C U+006F) -> b (U+0062),Composite (ASCII)
airlonb.net,YES,airbnb.net,airbnb,lo (U+006C U+006F) -> b (U+0062),Composite (ASCII)
airlonb.online,YES,airbnb.online,airbnb,lo (U+006C U+006F) -> b (U+0062),Composite (ASCII)
airlonb.org,YES,airbnb.org,airbnb,lo (U+006C U+006F) -> b (U+0062),Composite (ASCII)
airlonb.site,YES,airbnb.site,airbnb,lo (U+006C U+006F) -> b (U+0062),Composite (ASCII)
airlonb.store,YES,airbnb.store,airbnb,lo (U+006C U+006F) -> b (U+0062),Composite (ASCII)
airlonb.top,YES,airbnb.top,airbnb,lo (U+006C U+006F) -> b (U+0062),Composite (ASCII)
airlonb.vip,YES,airbnb.vip,airbnb,lo (U+006C U+006F) -> b (U+0062),Composite (ASCII)
airlonb.xyz,YES,airbnb.xyz,airbnb,lo (U+006C U+006F) -> b (U+0062),Composite (ASCII)
alibabа.cc,YES,alibaba.cc,alibaba,а (U+0430) -> a (U+0061),Single-Character
alibabа.click,YES,alibaba.dick,alibaba,а (U+0430) -> a (U+0061); cl (U+0063 U+006C) -> d (U+0064),Single-Character; Composite (ASCII)
alibabа.com,YES,alibaba.com,alibaba,а (U+0430) -> a (U+0061),Single-Character
alibabа.info,YES,alibaba.info,alibaba,а (U+0430) -> a (U+0061),Single-Character
alibabа.net,YES,alibaba.net,alibaba,а (U+0430) -> a (U+0061),Single-Character
alibabа.online,YES,alibaba.online,alibaba,а (U+0430) -> a (U+0061),Single-Character
alibabа.site,YES,alibaba.site,alibaba,а (U+0430) -> a (U+0061),Single-Character
alibabа.store,YES,alibaba.store,alibaba,а (U+0430) -> a (U+0061),Single-Character
alibabа.top,YES,alibaba.top,alibaba,а (U+0430) -> a (U+0061),Single-Character
alibabа.vip,YES,alibaba.vip,alibaba,а (U+0430) -> a (U+0061),Single-Character
alibabа.xyz,YES,alibaba.xyz,alibaba,а (U+0430) -> a (U+0061),Single-Character
alibaloa.biz,YES,alibaba.biz,alibaba,lo (U+006C U+006F) -> b (U+0062),Composite (ASCII)
alibaloa.cc,YES,alibaba.cc,alibaba,lo (U+006C U+006F) -> b (U+0062),Composite (ASCII)
alibaloa.click,YES,alibaba.dick,alibaba,lo (U+006C U+006F) -> b (U+0062); cl (U+0063 U+006C) -> d (U+0064),Composite (ASCII)
alibaloa.co,YES,alibaba.co,alibaba,lo (U+006C U+006F) -> b (U+0062),Composite (ASCII)
alibaloa.com,YES,alibaba.com,alibaba,lo (U+006C U+006F) -> b (U+0062),Composite (ASCII)
alibaloa.net,YES,alibaba.net,alibaba,lo (U+006C U+006F) -> b (U+0062),Composite (ASCII)
alibaloa.online,YES,alibaba.online,alibaba,lo (U+006C U+006F) -> b (U+0062),Composite (ASCII)
alibaloa.site,YES,alibaba.site,alibaba,lo (U+006C U+006F) -> b (U+0062),Composite (ASCII)
alibaloa.store,YES,alibaba.store,alibaba,lo (U+006C U+006F) -> b (U+0062),Composite (ASCII)
alibaloa.top,YES,alibaba.top,alibaba,lo (U+006C U+006F) -> b (U+0062),Composite (ASCII)
alibaloa.vip,YES,alibaba.vip,alibaba,lo (U+006C U+006F) -> b (U+0062),Composite (ASCII)
alibaloa.xyz,YES,alibaba.xyz,alibaba,lo (U+006C U+006F) -> b (U+0062),Composite (ASCII)
alibаba.biz,YES,alibaba.biz,alibaba,а (U+0430) -> a (U+0061),Single-Character
alibаba.cc,YES,alibaba.cc,alibaba,а (U+0430) -> a (U+0061),Single-Character
alibаba.co,YES,alibaba.co,alibaba,а (U+0430) -> a (U+0061),Single-Character
alibаba.online,YES,alibaba.online,alibaba,а (U+0430) -> a (U+0061),Single-Character
alibаba.store,YES,alibaba.store,alibaba,а (U+0430) -> a (U+0061),Single-Character
alibаba.top,YES,alibaba.top,alibaba,а (U+0430) -> a (U+0061),Single-Character
alibаba.vip,YES,alibaba.vip,alibaba,а (U+0430) -> a (U+0061),Single-Character
alibаba.xyz,YES,alibaba.xyz,alibaba,а (U+0430) -> a (U+0061),Single-Character
aliexpresѕ.biz,YES,aliexpress.biz,aliexpress,ѕ (U+0455) -> s (U+0073),Single-Character
aliexpresѕ.cc,YES,aliexpress.cc,aliexpress,ѕ (U+0455) -> s (U+0073),Single-Character
aliexpresѕ.click,YES,aliexpress.dick,aliexpress,ѕ (U+0455) -> s (U+0073); cl (U+0063 U+006C) -> d (U+0064),Single-Character; Composite (ASCII)
aliexpresѕ.co,YES,aliexpress.co,aliexpress,ѕ (U+0455) -> s (U+0073),Single-Character
aliexpresѕ.com,YES,aliexpress.com,aliexpress,ѕ (U+0455) -> s (U+0073),Single-Character
aliexpresѕ.net,YES,aliexpress.net,aliexpress,ѕ (U+0455) -> s (U+0073),Single-Character
aliexpresѕ.online,YES,aliexpress.online,aliexpress,ѕ (U+0455) -> s (U+0073),Single-Character
aliexpresѕ.org,YES,aliexpress.org,aliexpress,ѕ (U+0455) -> s (U+0073),Single-Character
aliexpresѕ.store,YES,aliexpress.store,aliexpress,ѕ (U+0455) -> s (U+0073),Single-Character
aliexpresѕ.xyz,YES,aliexpress.xyz,aliexpress,ѕ (U+0455) -> s (U+0073),Single-Character
aliexpreѕs.biz,YES,aliexpress.biz,aliexpress,ѕ (U+0455) -> s (U+0073),Single-Character
aliexpreѕs.cc,YES,aliexpress.cc,aliexpress,ѕ (U+0455) -> s (U+0073),Single-Character
aliexpreѕs.co,YES,aliexpress.co,aliexpress,ѕ (U+0455) -> s (U+0073),Single-Character
aliexpreѕs.info,YES,aliexpress.info,aliexpress,ѕ (U+0455) -> s (U+0073),Single-Character
aliexpreѕs.online,YES,aliexpress.online,aliexpress,ѕ (U+0455) -> s (U+0073),Single-Character
aliexpreѕs.org,YES,aliexpress.org,aliexpress,ѕ (U+0455) -> s (U+0073),Single-Character
aliexpreѕs.site,YES,aliexpress.site,aliexpress,ѕ (U+0455) -> s (U+0073),Single-Character
aliexpreѕs.store,YES,aliexpress.store,aliexpress,ѕ (U+0455) -> s (U+0073),Single-Character
aliexpreѕs.vip,YES,aliexpress.vip,aliexpress,ѕ (U+0455) -> s (U+0073),Single-Character
aliexprèss.biz,YES,aliexpress.biz,aliexpress,,
aliexprèss.cc,YES,aliexpress.cc,aliexpress,,
aliexprèss.click,YES,aliexpress.dick,aliexpress,cl (U+0063 U+006C) -> d (U+0064),Composite (ASCII)
aliexpréss.cc,YES,aliexpress.cc,aliexpress,é (U+00E9) -> e (U+0065),Single-Character
aliexpréss.store,YES,aliexpress.store,aliexpress,é (U+00E9) -> e (U+0065),Single-Character
aliexpréss.top,YES,aliexpress.top,aliexpress,é (U+00E9) -> e (U+0065),Single-Character
aliexprеss.cc,YES,aliexpress.cc,aliexpress,е (U+0435) -> e (U+0065),Single-Character
aliexprеss.click,YES,aliexpress.dick,aliexpress,е (U+0435) -> e (U+0065); cl (U+0063 U+006C) -> d (U+0064),Single-Character; Composite (ASCII)
aliexprеss.co,YES,aliexpress.co,aliexpress,е (U+0435) -> e (U+0065),Single-Character
aliexprеss.site,YES,aliexpress.site,aliexpress,е (U+0435) -> e (U+0065),Single-Character
aliexprеss.store,YES,aliexpress.store,aliexpress,е (U+0435) -> e (U+0065),Single-Character
aliexprеss.top,YES,aliexpress.top,aliexpress,е (U+0435) -> e (U+0065),Single-Character
aliexрress.biz,YES,aliexpress.biz,aliexpress,р (U+0440) -> p (U+0070),Single-Character
aliexрress.cc,YES,aliexpress.cc,aliexpress,р (U+0440) -> p (U+0070),Single-Character
aliexрress.click,YES,aliexpress.dick,aliexpress,р (U+0440) -> p (U+0070); cl (U+0063 U+006C) -> d (U+0064),Single-Character; Composite (ASCII)
aliexрress.co,YES,aliexpress.co,aliexpress,р (U+0440) -> p (U+0070),Single-Character
aliexрress.com,YES,aliexpress.com,aliexpress,р (U+0440) -> p (U+0070),Single-Character
aliexрress.info,YES,aliexpress.info,aliexpress,р (U+0440) -> p (U+0070),Single-Character
aliexрress.net,YES,aliexpress.net,aliexpress,р (U+0440) -> p (U+0070),Single-Character
aliexрress.online,YES,aliexpress.online,aliexpress,р (U+0440) -> p (U+0070),Single-Character
aliexрress.store,YES,aliexpress.store,aliexpress,р (U+0440) -> p (U+0070),Single-Character
aliexрress.vip,YES,aliexpress.vip,aliexpress,р (U+0440) -> p (U+0070),Single-Character
aliexрress.xyz,YES,aliexpress.xyz,aliexpress,р (U+0440) -> p (U+0070),Single-Character
alieхpress.biz,YES,aliexpress.biz,aliexpress,х (U+0445) -> x (U+0078),Single-Character
alieхpress.click,YES,aliexpress.dick,aliexpress,х (U+0445) -> x (U+0078); cl (U+0063 U+006C) -> d (U+0064),Single-Character; Composite (ASCII)
alieхpress.co,YES,aliexpress.co,aliexpress,х (U+0445) -> x (U+0078),Single-Character
alieхpress.info,YES,aliexpress.info,aliexpress,х (U+0445) -> x (U+0078),Single-Character
alieхpress.net,YES,aliexpress.net,aliexpress,х (U+0445) -> x (U+0078),Single-Character
alieхpress.online,YES,aliexpress.online,aliexpress,х (U+0445) -> x (U+0078),Single-Character
alieхpress.site,YES,aliexpress.site,aliexpress,х (U+0445) -> x (U+0078),Single-Character
alieхpress.top,YES,aliexpress.top,aliexpress,х (U+0445) -> x (U+0078),Single-Character
alieхpress.vip,YES,aliexpress.vip,aliexpress,х (U+0445) -> x (U+0078),Single-Character
alieхpress.xyz,YES,aliexpress.xyz,aliexpress,х (U+0445) -> x (U+0078),Single-Character
aliloaba.biz,YES,alibaba.biz,alibaba,lo (U+006C U+006F) -> b (U+0062),Composite (ASCII)
aliloaba.cc,YES,alibaba.cc,alibaba,lo (U+006C U+006F) -> b (U+0062),Composite (ASCII)
aliloaba.click,YES,alibaba.dick,alibaba,lo (U+006C U+006F) -> b (U+0062); cl (U+0063 U+006C) -> d (U+0064),Composite (ASCII)
aliloaba.co,YES,alibaba.co,alibaba,lo (U+006C U+006F) -> b (U+0062),Composite (ASCII)
aliloaba.com,YES,alibaba.com,alibaba,lo (U+006C U+006F) -> b (U+0062),Composite (ASCII)
aliloaba.info,YES,alibaba.info,alibaba,lo (U+006C U+006F) -> b (U+0062),Composite (ASCII)
aliloaba.net,YES,alibaba.net,alibaba,lo (U+006C U+006F) -> b (U+0062),Composite (ASCII)
aliloaba.site,YES,alibaba.site,alibaba,lo (U+006C U+006F) -> b (U+0062),Composite (ASCII)
aliloaba.vip,YES,alibaba.vip,alibaba,lo (U+006C U+006F) -> b (U+0062),Composite (ASCII)
aliloaba.xyz,YES,alibaba.xyz,alibaba,lo (U+006C U+006F) -> b (U+0062),Composite (ASCII)
alièxpress.click,YES,aliexpress.dick,aliexpress,cl (U+0063 U+006C) -> d (U+0064),Composite (ASCII)
alièxpress.net,YES,aliexpress.net,aliexpress,,
alièxpress.vip,YES,aliexpress.vip,aliexpress,,
aliéxpress.biz,YES,aliexpress.biz,aliexpress,é (U+00E9) -> e (U+0065),Single-Character
aliéxpress.info,YES,aliexpress.info,aliexpress,é (U+00E9) -> e (U+0065),Single-Character
aliéxpress.net,YES,aliexpress.net,aliexpress,é (U+00E9) -> e (U+0065),Single-Character
aliéxpress.org,YES,aliexpress.org,aliexpress,é (U+00E9) -> e (U+0065),Single-Character
aliéxpress.site,YES,aliexpress.site,aliexpress,é (U+00E9) -> e (U+0065),Single-Character
aliéxpress.store,YES,aliexpress.store,aliexpress,é (U+00E9) -> e (U+0065),Single-Character
aliеxpress.co,YES,aliexpress.co,aliexpress,е (U+0435) -> e (U+0065),Single-Character
aliеxpress.info,YES,aliexpress.info,aliexpress,е (U+0435) -> e (U+0065),Single-Character
aliеxpress.net,YES,aliexpress.net,aliexpress,е (U+0435) -> e (U+0065),Single-Character
aliеxpress.site,YES,aliexpress.site,aliexpress,е (U+0435) -> e (U+0065),Single-Character
aliеxpress.top,YES,aliexpress.top,aliexpress,е (U+0435) -> e (U+0065),Single-Character
aliеxpress.vip,YES,aliexpress.vip,aliexpress,е (U+0435) -> e (U+0065),Single-Character
alıbaba.biz,YES,alibaba.biz,alibaba,ı (U+0131) -> i (U+0069),Single-Character (Twin)
alıbaba.cc,YES,alibaba.cc,alibaba,ı (U+0131) -> i (U+0069),Single-Character (Twin)
alıbaba.net,YES,alibaba.net,alibaba,ı (U+0131) -> i (U+0069),Single-Character (Twin)
alıbaba.site,YES,alibaba.site,alibaba,ı (U+0131) -> i (U+0069),Single-Character (Twin)
alıbaba.xyz,YES,alibaba.xyz,alibaba,ı (U+0131) -> i (U+0069),Single-Character (Twin)
alıexpress.biz,YES,aliexpress.biz,aliexpress,ı (U+0131) -> i (U+0069),Single-Character (Twin)
alıexpress.cc,YES,aliexpress.cc,aliexpress,ı (U+0131) -> i (U+0069),Single-Character (Twin)
alıexpress.co,YES,aliexpress.co,aliexpress,ı (U+0131) -> i (U+0069),Single-Character (Twin)
alıexpress.info,YES,aliexpress.info,aliexpress,ı (U+0131) -> i (U+0069),Single-Character (Twin)
alıexpress.net,YES,aliexpress.net,aliexpress,ı (U+0131) -> i (U+0069),Single-Character (Twin)
alıexpress.org,YES,aliexpress.org,aliexpress,ı (U+0131) -> i (U+0069),Single-Character (Twin)
alıexpress.store,YES,aliexpress.store,aliexpress,ı (U+0131) -> i (U+0069),Single-Character (Twin)
alıexpress.top,YES,aliexpress.top,aliexpress,ı (U+0131) -> i (U+0069),Single-Character (Twin)
alіbaba.cc,YES,alibaba.cc,alibaba,і (U+0456) -> i (U+0069),Single-Character
alіbaba.co,YES,alibaba.co,alibaba,і (U+0456) -> i (U+0069),Single-Character
alіbaba.com,YES,alibaba.com,alibaba,і (U+0456) -> i (U+0069),Single-Character
alіbaba.info,YES,alibaba.info,alibaba,і (U+0456) -> i (U+0069),Single-Character
alіbaba.net,YES,alibaba.net,alibaba,і (U+0456) -> i (U+0069),Single-Character
alіbaba.online,YES,alibaba.online,alibaba,і (U+0456) -> i (U+0069),Single-Character
alіbaba.vip,YES,alibaba.vip,alibaba,і (U+0456) -> i (U+0069),Single-Character
alіexpress.cc,YES,aliexpress.cc,aliexpress,і (U+0456) -> i (U+0069),Single-Character
alіexpress.click,YES,aliexpress.dick,aliexpress,і (U+0456) -> i (U+0069); cl (U+0063 U+006C) -> d (U+0064),Single-Character; Composite (ASCII)
alіexpress.co,YES,aliexpress.co,aliexpress,і (U+0456) -> i (U+0069),Single-Character
alіexpress.com,YES,aliexpress.com,aliexpress,і (U+0456) -> i (U+0069),Single-Character
alіexpress.net,YES,aliexpress.net,aliexpress,і (U+0456) -> i (U+0069),Single-Character
alіexpress.online,YES,aliexpress.online,aliexpress,і (U+0456) -> i (U+0069),Single-Character
alіexpress.org,YES,aliexpress.org,aliexpress,і (U+0456) -> i (U+0069),Single-Character
alіexpress.site,YES,aliexpress.site,aliexpress,і (U+0456) -> i (U+0069),Single-Character
alіexpress.top,YES,aliexpress.top,aliexpress,і (U+0456) -> i (U+0069),Single-Character
alіexpress.vip,YES,aliexpress.vip,aliexpress,і (U+0456) -> i (U+0069),Single-Character
amazоn.cc,YES,amazon.cc,amazon,о (U+043E) -> o (U+006F),Single-Character
amazоn.click,YES,amazon.dick,amazon,о (U+043E) -> o (U+006F); cl (U+0063 U+006C) -> d (U+0064),Single-Character; Composite (ASCII)
amazоn.co,YES,amazon.co,amazon,о (U+043E) -> o (U+006F),Single-Character
amazоn.com,YES,amazon.com,amazon,о (U+043E) -> o (U+006F),Single-Character
amazоn.net,YES,amazon.net,amazon,о (U+043E) -> o (U+006F),Single-Character
amazоn.org,YES,amazon.org,amazon,о (U+043E) -> o (U+006F),Single-Character
amazоn.site,YES,amazon.site,amazon,о (U+043E) -> o (U+006F),Single-Character
amazоn.store,YES,amazon.store,amazon,о (U+043E) -> o (U+006F),Single-Character
amazօn.click,YES,amazon.dick,amazon,օ (U+0585) -> o (U+006F); cl (U+0063 U+006C) -> d (U+0064),Single-Character; Composite (ASCII)
amazօn.net,YES,amazon.net,amazon,օ (U+0585) -> o (U+006F),Single-Character
amazօn.org,YES,amazon.org,amazon,օ (U+0585) -> o (U+006F),Single-Character
amazօn.store,YES,amazon.store,amazon,օ (U+0585) -> o (U+006F),Single-Character
amazօn.top,YES,amazon.top,amazon,օ (U+0585) -> o (U+006F),Single-Character
amazօn.vip,YES,amazon.vip,amazon,օ (U+0585) -> o (U+006F),Single-Character
amazօn.xyz,YES,amazon.xyz,amazon,օ (U+0585) -> o (U+006F),Single-Character
amaz໐n.cc,YES,amazon.cc,amazon,໐ (U+0ED0) -> o (U+006F),Single-Character
amaz໐n.net,YES,amazon.net,amazon,໐ (U+0ED0) -> o (U+006F),Single-Character
amaz໐n.org,YES,amazon.org,amazon,໐ (U+0ED0) -> o (U+006F),Single-Character
amaz໐n.store,YES,amazon.store,amazon,໐ (U+0ED0) -> o (U+006F),Single-Character
amaz໐n.top,YES,amazon.top,amazon,໐ (U+0ED0) -> o (U+006F),Single-Character
amaz໐n.vip,YES,amazon.vip,amazon,໐ (U+0ED0) -> o (U+006F),Single-Character
amаzon.biz,YES,amazon.biz,amazon,а (U+0430) -> a (U+0061),Single-Character
amаzon.cc,YES,amazon.cc,amazon,а (U+0430) -> a (U+0061),Single-Character
amаzon.click,YES,amazon.dick,amazon,а (U+0430) -> a (U+0061); cl (U+0063 U+006C) -> d (U+0064),Single-Character; Composite (ASCII)
amаzon.com,YES,amazon.com,amazon,а (U+0430) -> a (U+0061),Single-Character
amаzon.info,YES,amazon.info,amazon,а (U+0430) -> a (U+0061),Single-Character
amаzon.net,YES,amazon.net,amazon,а (U+0430) -> a (U+0061),Single-Character
amаzon.online,YES,amazon.online,amazon,а (U+0430) -> a (U+0061),Single-Character
amаzon.org,YES,amazon.org,amazon,а (U+0430) -> a (U+0061),Single-Character
amаzon.site,YES,amazon.site,amazon,а (U+0430) -> a (U+0061),Single-Character
amаzon.store,YES,amazon.store,amazon,а (U+0430) -> a (U+0061),Single-Character
amаzon.top,YES,amazon.top,amazon,а (U+0430) -> a (U+0061),Single-Character
amаzon.vip,YES,amazon.vip,amazon,а (U+0430) -> a (U+0061),Single-Character
amаzon.xyz,YES,amazon.xyz,amazon,а (U+0430) -> a (U+0061),Single-Character
applè.cc,YES,apple.cc,apple,,
applè.click,YES,apple.dick,apple,cl (U+0063 U+006C) -> d (U+0064),Composite (ASCII)
applè.com,YES,apple.com,apple,,
applè.online,YES,apple.online,apple,,
applè.org,YES,apple.org,apple,,
applè.store,YES,apple.store,apple,,
applè.top,YES,apple.top,apple,,
applè.vip,YES,apple.vip,apple,,
applè.xyz,YES,apple.xyz,apple,,
applé.biz,YES,apple.biz,apple,é (U+00E9) -> e (U+0065),Single-Character
applé.info,YES,apple.info,apple,é (U+00E9) -> e (U+0065),Single-Character
applé.online,YES,apple.online,apple,é (U+00E9) -> e (U+0065),Single-Character
applé.site,YES,apple.site,apple,é (U+00E9) -> e (U+0065),Single-Character
applé.store,YES,apple.store,apple,é (U+00E9) -> e (U+0065),Single-Character
applé.xyz,YES,apple.xyz,apple,é (U+00E9) -> e (U+0065),Single-Character
applе.cc,YES,apple.cc,apple,е (U+0435) -> e (U+0065),Single-Character
applе.click,YES,apple.dick,apple,е (U+0435) -> e (U+0065); cl (U+0063 U+006C) -> d (U+0064),Single-Character; Composite (ASCII)
applе.co,YES,apple.co,apple,е (U+0435) -> e (U+0065),Single-Character
applе.com,YES,apple.com,apple,е (U+0435) -> e (U+0065),Single-Character
applе.net,YES,apple.net,apple,е (U+0435) -> e (U+0065),Single-Character
applе.online,YES,apple.online,apple,е (U+0435) -> e (U+0065),Single-Character
applе.site,YES,apple.site,apple,е (U+0435) -> e (U+0065),Single-Character
applе.store,YES,apple.store,apple,е (U+0435) -> e (U+0065),Single-Character
applе.vip,YES,apple.vip,apple,е (U+0435) -> e (U+0065),Single-Character
apрle.biz,YES,apple.biz,apple,р (U+0440) -> p (U+0070),Single-Character
apрle.cc,YES,apple.cc,apple,р (U+0440) -> p (U+0070),Single-Character
apрle.click,YES,apple.dick,apple,р (U+0440) -> p (U+0070); cl (U+0063 U+006C) -> d (U+0064),Single-Character; Composite (ASCII)
apрle.co,YES,apple.co,apple,р (U+0440) -> p (U+0070),Single-Character
apрle.com,YES,apple.com,apple,р (U+0440) -> p (U+0070),Single-Character
apрle.net,YES,apple.net,apple,р (U+0440) -> p (U+0070),Single-Character
apрle.online,YES,apple.online,apple,р (U+0440) -> p (U+0070),Single-Character
apрle.org,YES,apple.org,apple,р (U+0440) -> p (U+0070),Single-Character
apрle.site,YES,apple.site,apple,р (U+0440) -> p (U+0070),Single-Character
apрle.store,YES,apple.store,apple,р (U+0440) -> p (U+0070),Single-Character
apрle.top,YES,apple.top,apple,р (U+0440) -> p (U+0070),Single-Character
apрle.vip,YES,apple.vip,apple,р (U+0440) -> p (U+0070),Single-Character
apрle.xyz,YES,apple.xyz,apple,р (U+0440) -> p (U+0070),Single-Character
arkhamintellîgence.com,YES,arkhamintelligence.com,,,
arnazon.biz,YES,amazon.biz,amazon,rn (U+0072 U+006E) -> m (U+006D),Composite (ASCII)
arnazon.cc,YES,amazon.cc,amazon,rn (U+0072 U+006E) -> m (U+006D),Composite (ASCII)
arnazon.click,YES,amazon.dick,amazon,rn (U+0072 U+006E) -> m (U+006D); cl (U+0063 U+006C) -> d (U+0064),Composite (ASCII)
arnazon.co,YES,amazon.co,amazon,rn (U+0072 U+006E) -> m (U+006D),Composite (ASCII)
arnazon.com,YES,amazon.com,amazon,rn (U+0072 U+006E) -> m (U+006D),Composite (ASCII)
arnazon.info,YES,amazon.info,amazon,rn (U+0072 U+006E) -> m (U+006D),Composite (ASCII)
arnazon.net,YES,amazon.net,amazon,rn (U+0072 U+006E) -> m (U+006D),Composite (ASCII)
arnazon.online,YES,amazon.online,amazon,rn (U+0072 U+006E) -> m (U+006D),Composite (ASCII)
arnazon.site,YES,amazon.site,amazon,rn (U+0072 U+006E) -> m (U+006D),Composite (ASCII)
arnazon.store,YES,amazon.store,amazon,rn (U+0072 U+006E) -> m (U+006D),Composite (ASCII)
arnazon.vip,YES,amazon.vip,amazon,rn (U+0072 U+006E) -> m (U+006D),Composite (ASCII)
arnazon.xyz,YES,amazon.xyz,amazon,rn (U+0072 U+006E) -> m (U+006D),Composite (ASCII)
aırbnb.biz,YES,airbnb.biz,airbnb,ı (U+0131) -> i (U+0069),Single-Character (Twin)
aırbnb.cc,YES,airbnb.cc,airbnb,ı (U+0131) -> i (U+0069),Single-Character (Twin)
aırbnb.click,YES,airbnb.dick,airbnb,ı (U+0131) -> i (U+0069); cl (U+0063 U+006C) -> d (U+0064),Single-Character (Twin); Composite (ASCII)
aırbnb.co,YES,airbnb.co,airbnb,ı (U+0131) -> i (U+0069),Single-Character (Twin)
aırbnb.info,YES,airbnb.info,airbnb,ı (U+0131) -> i (U+0069),Single-Character (Twin)
aırbnb.online,YES,airbnb.online,airbnb,ı (U+0131) -> i (U+0069),Single-Character (Twin)
aırbnb.org,YES,airbnb.org,airbnb,ı (U+0131) -> i (U+0069),Single-Character (Twin)
aırbnb.store,YES,airbnb.store,airbnb,ı (U+0131) -> i (U+0069),Single-Character (Twin)
aırbnb.vip,YES,airbnb.vip,airbnb,ı (U+0131) -> i (U+0069),Single-Character (Twin)
aрple.biz,YES,apple.biz,apple,р (U+0440) -> p (U+0070),Single-Character
aрple.cc,YES,apple.cc,apple,р (U+0440) -> p (U+0070),Single-Character
aрple.click,YES,apple.dick,apple,р (U+0440) -> p (U+0070); cl (U+0063 U+006C) -> d (U+0064),Single-Character; Composite (ASCII)
aрple.co,YES,apple.co,apple,р (U+0440) -> p (U+0070),Single-Character
aрple.com,YES,apple.com,apple,р (U+0440) -> p (U+0070),Single-Character
aрple.info,YES,apple.info,apple,р (U+0440) -> p (U+0070),Single-Character
aрple.net,YES,apple.net,apple,р (U+0440) -> p (U+0070),Single-Character
aрple.online,YES,apple.online,apple,р (U+0440) -> p (U+0070),Single-Character
aрple.org,YES,apple.org,apple,р (U+0440) -> p (U+0070),Single-Character
aрple.site,YES,apple.site,apple,р (U+0440) -> p (U+0070),Single-Character
aрple.store,YES,apple.store,apple,р (U+0440) -> p (U+0070),Single-Character
aрple.top,YES,apple.top,apple,р (U+0440) -> p (U+0070),Single-Character
aрple.xyz,YES,apple.xyz,apple,р (U+0440) -> p (U+0070),Single-Character
aіrbnb.biz,YES,airbnb.biz,airbnb,і (U+0456) -> i (U+0069),Single-Character
aіrbnb.cc,YES,airbnb.cc,airbnb,і (U+0456) -> i (U+0069),Single-Character
aіrbnb.click,YES,airbnb.dick,airbnb,і (U+0456) -> i (U+0069); cl (U+0063 U+006C) -> d (U+0064),Single-Character; Composite (ASCII)
aіrbnb.info,YES,airbnb.info,airbnb,і (U+0456) -> i (U+0069),Single-Character
aіrbnb.net,YES,airbnb.net,airbnb,і (U+0456) -> i (U+0069),Single-Character
aіrbnb.online,YES,airbnb.online,airbnb,і (U+0456) -> i (U+0069),Single-Character
aіrbnb.org,YES,airbnb.org,airbnb,і (U+0456) -> i (U+0069),Single-Character
aіrbnb.store,YES,airbnb.store,airbnb,і (U+0456) -> i (U+0069),Single-Character
aіrbnb.top,YES,airbnb.top,airbnb,і (U+0456) -> i (U+0069),Single-Character
aіrbnb.xyz,YES,airbnb.xyz,airbnb,і (U+0456) -> i (U+0069),Single-Character
binancè.biz,YES,binance.biz,binance,,
binancè.online,YES,binance.online,binance,,
binancè.org,YES,binance.org,binance,,
binancè.site,YES,binance.site,binance,,
binancè.xyz,YES,binance.xyz,binance,,
binancé.net,YES,binance.net,binance,é (U+00E9) -> e (U+0065),Single-Character
binancé.xyz,YES,binance.xyz,binance,é (U+00E9) -> e (U+0065),Single-Character
binancе.info,YES,binance.info,binance,е (U+0435) -> e (U+0065),Single-Character
binancе.org,YES,binance.org,binance,е (U+0435) -> e (U+0065),Single-Character
binancе.top,YES,binance.top,binance,е (U+0435) -> e (U+0065),Single-Character
binanсe.biz,YES,binance.biz,binance,с (U+0441) -> c (U+0063),Single-Character
binanсe.click,YES,binance.dick,binance,с (U+0441) -> c (U+0063); cl (U+0063 U+006C) -> d (U+0064),Single-Character; Composite (ASCII)
binanсe.com,YES,binance.com,binance,с (U+0441) -> c (U+0063),Single-Character
binanсe.info,YES,binance.info,binance,с (U+0441) -> c (U+0063),Single-Character
binanсe.net,YES,binance.net,binance,с (U+0441) -> c (U+0063),Single-Character
binanсe.org,YES,binance.org,binance,с (U+0441) -> c (U+0063),Single-Character
binanсe.vip,YES,binance.vip,binance,с (U+0441) -> c (U+0063),Single-Character
binanⲥe.cc,YES,binance.cc,binance,ⲥ (U+2CA5) -> c (U+0063),Single-Character
binanⲥe.click,YES,binance.dick,binance,ⲥ (U+2CA5) -> c (U+0063); cl (U+0063 U+006C) -> d (U+0064),Single-Character; Composite (ASCII)
binanⲥe.com,YES,binance.com,binance,ⲥ (U+2CA5) -> c (U+0063),Single-Character
binanⲥe.online,YES,binance.online,binance,ⲥ (U+2CA5) -> c (U+0063),Single-Character
binanⲥe.org,YES,binance.org,binance,ⲥ (U+2CA5) -> c (U+0063),Single-Character
binanⲥe.site,YES,binance.site,binance,ⲥ (U+2CA5) -> c (U+0063),Single-Character
binanⲥe.store,YES,binance.store,binance,ⲥ (U+2CA5) -> c (U+0063),Single-Character
binanⲥe.top,YES,binance.top,binance,ⲥ (U+2CA5) -> c (U+0063),Single-Character
binаnce.biz,YES,binance.biz,binance,а (U+0430) -> a (U+0061),Single-Character
binаnce.cc,YES,binance.cc,binance,а (U+0430) -> a (U+0061),Single-Character
binаnce.click,YES,binance.dick,binance,а (U+0430) -> a (U+0061); cl (U+0063 U+006C) -> d (U+0064),Single-Character; Composite (ASCII)
binаnce.co,YES,binance.co,binance,а (U+0430) -> a (U+0061),Single-Character
binаnce.com,YES,binance.com,binance,а (U+0430) -> a (U+0061),Single-Character
binаnce.info,YES,binance.info,binance,а (U+0430) -> a (U+0061),Single-Character
binаnce.net,YES,binance.net,binance,а (U+0430) -> a (U+0061),Single-Character
binаnce.online,YES,binance.online,binance,а (U+0430) -> a (U+0061),Single-Character
binаnce.org,YES,binance.org,binance,а (U+0430) -> a (U+0061),Single-Character
binаnce.site,YES,binance.site,binance,а (U+0430) -> a (U+0061),Single-Character
binаnce.top,YES,binance.top,binance,а (U+0430) -> a (U+0061),Single-Character
binаnce.vip,YES,binance.vip,binance,а (U+0430) -> a (U+0061),Single-Character
binаnce.xyz,YES,binance.xyz,binance,а (U+0430) -> a (U+0061),Single-Character
bınance.biz,YES,binance.biz,binance,ı (U+0131) -> i (U+0069),Single-Character (Twin)
bınance.click,YES,binance.dick,binance,ı (U+0131) -> i (U+0069); cl (U+0063 U+006C) -> d (U+0064),Single-Character (Twin); Composite (ASCII)
bınance.co,YES,binance.co,binance,ı (U+0131) -> i (U+0069),Single-Character (Twin)
bınance.com,YES,binance.com,binance,ı (U+0131) -> i (U+0069),Single-Character (Twin)
bınance.info,YES,binance.info,binance,ı (U+0131) -> i (U+0069),Single-Character (Twin)
bınance.online,YES,binance.online,binance,ı (U+0131) -> i (U+0069),Single-Character (Twin)
bınance.site,YES,binance.site,binance,ı (U+0131) -> i (U+0069),Single-Character (Twin)
bınance.store,YES,binance.store,binance,ı (U+0131) -> i (U+0069),Single-Character (Twin)
bınance.top,YES,binance.top,binance,ı (U+0131) -> i (U+0069),Single-Character (Twin)
bınance.vip,YES,binance.vip,binance,ı (U+0131) -> i (U+0069),Single-Character (Twin)
bіnance.biz,YES,binance.biz,binance,і (U+0456) -> i (U+0069),Single-Character
bіnance.cc,YES,binance.cc,binance,і (U+0456) -> i (U+0069),Single-Character
bіnance.click,YES,binance.dick,binance,і (U+0456) -> i (U+0069); cl (U+0063 U+006C) -> d (U+0064),Single-Character; Composite (ASCII)
bіnance.co,YES,binance.co,binance,і (U+0456) -> i (U+0069),Single-Character
bіnance.com,YES,binance.com,binance,і (U+0456) -> i (U+0069),Single-Character
bіnance.info,YES,binance.info,binance,і (U+0456) -> i (U+0069),Single-Character
bіnance.org,YES,binance.org,binance,і (U+0456) -> i (U+0069),Single-Character
bіnance.top,YES,binance.top,binance,і (U+0456) -> i (U+0069),Single-Character
chasè.click,YES,chase.dick,chase,cl (U+0063 U+006C) -> d (U+0064),Composite (ASCII)
chasè.com,YES,chase.com,chase,,
chasè.info,YES,chase.info,chase,,
chasè.online,YES,chase.online,chase,,
chasè.org,YES,chase.org,chase,,
chasè.store,YES,chase.store,chase,,
chasè.top,YES,chase.top,chase,,
chasé.cc,YES,chase.cc,chase,é (U+00E9) -> e (U+0065),Single-Character
chasé.co,YES,chase.co,chase,é (U+00E9) -> e (U+0065),Single-Character
chasé.com,YES,chase.com,chase,é (U+00E9) -> e (U+0065),Single-Character
chasé.online,YES,chase.online,chase,é (U+00E9) -> e (U+0065),Single-Character
chasé.store,YES,chase.store,chase,é (U+00E9) -> e (U+0065),Single-Character
chasé.vip,YES,chase.vip,chase,é (U+00E9) -> e (U+0065),Single-Character
chasе.cc,YES,chase.cc,chase,е (U+0435) -> e (U+0065),Single-Character
chasе.click,YES,chase.dick,chase,е (U+0435) -> e (U+0065); cl (U+0063 U+006C) -> d (U+0064),Single-Character; Composite (ASCII)
chasе.co,YES,chase.co,chase,е (U+0435) -> e (U+0065),Single-Character
chasе.info,YES,chase.info,chase,е (U+0435) -> e (U+0065),Single-Character
chasе.online,YES,chase.online,chase,е (U+0435) -> e (U+0065),Single-Character
chasе.org,YES,chase.org,chase,е (U+0435) -> e (U+0065),Single-Character
chasе.top,YES,chase.top,chase,е (U+0435) -> e (U+0065),Single-Character
chasе.vip,YES,chase.vip,chase,е (U+0435) -> e (U+0065),Single-Character
chaѕe.biz,YES,chase.biz,chase,ѕ (U+0455) -> s (U+0073),Single-Character
chaѕe.cc,YES,chase.cc,chase,ѕ (U+0455) -> s (U+0073),Single-Character
chaѕe.click,YES,chase.dick,chase,ѕ (U+0455) -> s (U+0073); cl (U+0063 U+006C) -> d (U+0064),Single-Character; Composite (ASCII)
chaѕe.co,YES,chase.co,chase,ѕ (U+0455) -> s (U+0073),Single-Character
chaѕe.com,YES,chase.com,chase,ѕ (U+0455) -> s (U+0073),Single-Character
chaѕe.info,YES,chase.info,chase,ѕ (U+0455) -> s (U+0073),Single-Character
chaѕe.net,YES,chase.net,chase,ѕ (U+0455) -> s (U+0073),Single-Character
chaѕe.online,YES,chase.online,chase,ѕ (U+0455) -> s (U+0073),Single-Character
chaѕe.org,YES,chase.org,chase,ѕ (U+0455) -> s (U+0073),Single-Character
chaѕe.site,YES,chase.site,chase,ѕ (U+0455) -> s (U+0073),Single-Character
chaѕe.store,YES,chase.store,chase,ѕ (U+0455) -> s (U+0073),Single-Character
chaѕe.top,YES,chase.top,chase,ѕ (U+0455) -> s (U+0073),Single-Character
chaѕe.vip,YES,chase.vip,chase,ѕ (U+0455) -> s (U+0073),Single-Character
chaѕe.xyz,YES,chase.xyz,chase,ѕ (U+0455) -> s (U+0073),Single-Character
chаse.biz,YES,chase.biz,chase,а (U+0430) -> a (U+0061),Single-Character
chаse.cc,YES,chase.cc,chase,а (U+0430) -> a (U+0061),Single-Character
chаse.click,YES,chase.dick,chase,а (U+0430) -> a (U+0061); cl (U+0063 U+006C) -> d (U+0064),Single-Character; Composite (ASCII)
chаse.com,YES,chase.com,chase,а (U+0430) -> a (U+0061),Single-Character
chаse.info,YES,chase.info,chase,а (U+0430) -> a (U+0061),Single-Character
chаse.net,YES,chase.net,chase,а (U+0430) -> a (U+0061),Single-Character
chаse.online,YES,chase.online,chase,а (U+0430) -> a (U+0061),Single-Character
chаse.org,YES,chase.org,chase,а (U+0430) -> a (U+0061),Single-Character
chаse.site,YES,chase.site,chase,а (U+0430) -> a (U+0061),Single-Character
chаse.store,YES,chase.store,chase,а (U+0430) -> a (U+0061),Single-Character
chаse.top,YES,chase.top,chase,а (U+0430) -> a (U+0061),Single-Character
chаse.vip,YES,chase.vip,chase,а (U+0430) -> a (U+0061),Single-Character
chаse.xyz,YES,chase.xyz,chase,а (U+0430) -> a (U+0061),Single-Character
clhl.biz,YES,dhl.biz,dhl,cl (U+0063 U+006C) -> d (U+0064),Composite (ASCII)
clhl.cc,YES,dhl.cc,dhl,cl (U+0063 U+006C) -> d (U+0064),Composite (ASCII)
clhl.click,YES,dhl.dick,dhl,cl (U+0063 U+006C) -> d (U+0064); cl (U+0063 U+006C) -> d (U+0064),Composite (ASCII)
clhl.co,YES,dhl.co,dhl,cl (U+0063 U+006C) -> d (U+0064),Composite (ASCII)
clhl.com,YES,dhl.com,dhl,cl (U+0063 U+006C) -> d (U+0064),Composite (ASCII)
clhl.info,YES,dhl.info,dhl,cl (U+0063 U+006C) -> d (U+0064),Composite (ASCII)
clhl.net,YES,dhl.net,dhl,cl (U+0063 U+006C) -> d (U+0064),Composite (ASCII)
clhl.online,YES,dhl.online,dhl,cl (U+0063 U+006C) -> d (U+0064),Composite (ASCII)
clhl.org,YES,dhl.org,dhl,cl (U+0063 U+006C) -> d (U+0064),Composite (ASCII)
clhl.site,YES,dhl.site,dhl,cl (U+0063 U+006C) -> d (U+0064),Composite (ASCII)
clhl.store,YES,dhl.store,dhl,cl (U+0063 U+006C) -> d (U+0064),Composite (ASCII)
clhl.top,YES,dhl.top,dhl,cl (U+0063 U+006C) -> d (U+0064),Composite (ASCII)
clhl.vip,YES,dhl.vip,dhl,cl (U+0063 U+006C) -> d (U+0064),Composite (ASCII)
clhl.xyz,YES,dhl.xyz,dhl,cl (U+0063 U+006C) -> d (U+0064),Composite (ASCII)
cliscord.biz,YES,discord.biz,discord,cl (U+0063 U+006C) -> d (U+0064),Composite (ASCII)
cliscord.cc,YES,discord.cc,discord,cl (U+0063 U+006C) -> d (U+0064),Composite (ASCII)
cliscord.click,YES,discord.dick,discord,cl (U+0063 U+006C) -> d (U+0064); cl (U+0063 U+006C) -> d (U+0064),Composite (ASCII)
cliscord.co,YES,discord.co,discord,cl (U+0063 U+006C) -> d (U+0064),Composite (ASCII)
cliscord.info,YES,discord.info,discord,cl (U+0063 U+006C) -> d (U+0064),Composite (ASCII)
cliscord.net,YES,discord.net,discord,cl (U+0063 U+006C) -> d (U+0064),Composite (ASCII)
cliscord.online,YES,discord.online,discord,cl (U+0063 U+006C) -> d (U+0064),Composite (ASCII)
cliscord.org,YES,discord.org,discord,cl (U+0063 U+006C) -> d (U+0064),Composite (ASCII)
cliscord.site,YES,discord.site,discord,cl (U+0063 U+006C) -> d (U+0064),Composite (ASCII)
cliscord.store,YES,discord.store,discord,cl (U+0063 U+006C) -> d (U+0064),Composite (ASCII)
cliscord.top,YES,discord.top,discord,cl (U+0063 U+006C) -> d (U+0064),Composite (ASCII)
cliscord.vip,YES,discord.vip,discord,cl (U+0063 U+006C) -> d (U+0064),Composite (ASCII)
cliscord.xyz,YES,discord.xyz,discord,cl (U+0063 U+006C) -> d (U+0064),Composite (ASCII)
clisney.biz,YES,disney.biz,disney,cl (U+0063 U+006C) -> d (U+0064),Composite (ASCII)
clisney.cc,YES,disney.cc,disney,cl (U+0063 U+006C) -> d (U+0064),Composite (ASCII)
clisney.click,YES,disney.dick,disney,cl (U+0063 U+006C) -> d (U+0064); cl (U+0063 U+006C) -> d (U+0064),Composite (ASCII)
clisney.co,YES,disney.co,disney,cl (U+0063 U+006C) -> d (U+0064),Composite (ASCII)
clisney.com,YES,disney.com,disney,cl (U+0063 U+006C) -> d (U+0064),Composite (ASCII)
clisney.net,YES,disney.net,disney,cl (U+0063 U+006C) -> d (U+0064),Composite (ASCII)
clisney.online,YES,disney.online,disney,cl (U+0063 U+006C) -> d (U+0064),Composite (ASCII)
clisney.store,YES,disney.store,disney,cl (U+0063 U+006C) -> d (U+0064),Composite (ASCII)
clisney.top,YES,disney.top,disney,cl (U+0063 U+006C) -> d (U+0064),Composite (ASCII)
clisney.vip,YES,disney.vip,disney,cl (U+0063 U+006C) -> d (U+0064),Composite (ASCII)
clisney.xyz,YES,disney.xyz,disney,cl (U+0063 U+006C) -> d (U+0064),Composite (ASCII)
coinbasè.click,YES,coinbase.dick,coinbase,cl (U+0063 U+006C) -> d (U+0064),Composite (ASCII)
coinbasè.com,YES,coinbase.com,coinbase,,
coinbasè.site,YES,coinbase.site,coinbase,,
coinbasé.cc,YES,coinbase.cc,coinbase,é (U+00E9) -> e (U+0065),Single-Character
coinbasé.click,YES,coinbase.dick,coinbase,é (U+00E9) -> e (U+0065); cl (U+0063 U+006C) -> d (U+0064),Single-Character; Composite (ASCII)
coinbasé.net,YES,coinbase.net,coinbase,é (U+00E9) -> e (U+0065),Single-Character
coinbasé.top,YES,coinbase.top,coinbase,é (U+00E9) -> e (U+0065),Single-Character
coinbasé.xyz,YES,coinbase.xyz,coinbase,é (U+00E9) -> e (U+0065),Single-Character
coinbasе.org,YES,coinbase.org,coinbase,е (U+0435) -> e (U+0065),Single-Character
coinbasе.store,YES,coinbase.store,coinbase,е (U+0435) -> e (U+0065),Single-Character
coinbasе.top,YES,coinbase.top,coinbase,е (U+0435) -> e (U+0065),Single-Character
coinbasе.vip,YES,coinbase.vip,coinbase,е (U+0435) -> e (U+0065),Single-Character
coinbaѕe.biz,YES,coinbase.biz,coinbase,ѕ (U+0455) -> s (U+0073),Single-Character
coinbaѕe.cc,YES,coinbase.cc,coinbase,ѕ (U+0455) -> s (U+0073),Single-Character
coinbaѕe.com,YES,coinbase.com,coinbase,ѕ (U+0455) -> s (U+0073),Single-Character
coinbaѕe.info,YES,coinbase.info,coinbase,ѕ (U+0455) -> s (U+0073),Single-Character
coinbaѕe.net,YES,coinbase.net,coinbase,ѕ (U+0455) -> s (U+0073),Single-Character
coinbaѕe.online,YES,coinbase.online,coinbase,ѕ (U+0455) -> s (U+0073),Single-Character
coinbaѕe.org,YES,coinbase.org,coinbase,ѕ (U+0455) -> s (U+0073),Single-Character
coinbaѕe.site,YES,coinbase.site,coinbase,ѕ (U+0455) -> s (U+0073),Single-Character
coinbaѕe.vip,YES,coinbase.vip,coinbase,ѕ (U+0455) -> s (U+0073),Single-Character
coinbaѕe.xyz,YES,coinbase.xyz,coinbase,ѕ (U+0455) -> s (U+0073),Single-Character
coinbаse.biz,YES,coinbase.biz,coinbase,а (U+0430) -> a (U+0061),Single-Character
coinbаse.cc,YES,coinbase.cc,coinbase,а (U+0430) -> a (U+0061),Single-Character
coinbаse.click,YES,coinbase.dick,coinbase,а (U+0430) -> a (U+0061); cl (U+0063 U+006C) -> d (U+0064),Single-Character; Composite (ASCII)
coinbаse.co,YES,coinbase.co,coinbase,а (U+0430) -> a (U+0061),Single-Character
coinbаse.com,YES,coinbase.com,coinbase,а (U+0430) -> a (U+0061),Single-Character
coinbаse.info,YES,coinbase.info,coinbase,а (U+0430) -> a (U+0061),Single-Character
coinbаse.online,YES,coinbase.online,coinbase,а (U+0430) -> a (U+0061),Single-Character
coinbаse.org,YES,coinbase.org,coinbase,а (U+0430) -> a (U+0061),Single-Character
coinbаse.site,YES,coinbase.site,coinbase,а (U+0430) -> a (U+0061),Single-Character
coinbаse.store,YES,coinbase.store,coinbase,а (U+0430) -> a (U+0061),Single-Character
coinbаse.top,YES,coinbase.top,coinbase,а (U+0430) -> a (U+0061),Single-Character
coinbаse.vip,YES,coinbase.vip,coinbase,а (U+0430) -> a (U+0061),Single-Character
coinbаse.xyz,YES,coinbase.xyz,coinbase,а (U+0430) -> a (U+0061),Single-Character
coinloase.biz,YES,coinbase.biz,coinbase,lo (U+006C U+006F) -> b (U+0062),Composite (ASCII)
coinloase.click,YES,coinbase.dick,coinbase,lo (U+006C U+006F) -> b (U+0062); cl (U+0063 U+006C) -> d (U+0064),Composite (ASCII)
coinloase.co,YES,coinbase.co,coinbase,lo (U+006C U+006F) -> b (U+0062),Composite (ASCII)
coinloase.info,YES,coinbase.info,coinbase,lo (U+006C U+006F) -> b (U+0062),Composite (ASCII)
coinloase.online,YES,coinbase.online,coinbase,lo (U+006C U+006F) -> b (U+0062),Composite (ASCII)
coinloase.org,YES,coinbase.org,coinbase,lo (U+006C U+006F) -> b (U+0062),Composite (ASCII)
coinloase.site,YES,coinbase.site,coinbase,lo (U+006C U+006F) -> b (U+0062),Composite (ASCII)
coinloase.top,YES,coinbase.top,coinbase,lo (U+006C U+006F) -> b (U+0062),Composite (ASCII)
coinloase.vip,YES,coinbase.vip,coinbase,lo (U+006C U+006F) -> b (U+0062),Composite (ASCII)
coinloase.xyz,YES,coinbase.xyz,coinbase,lo (U+006C U+006F) -> b (U+0062),Composite (ASCII)
coınbase.biz,YES,coinbase.biz,coinbase,ı (U+0131) -> i (U+0069),Single-Character (Twin)
coınbase.com,YES,coinbase.com,coinbase,ı (U+0131) -> i (U+0069),Single-Character (Twin)
coınbase.net,YES,coinbase.net,coinbase,ı (U+0131) -> i (U+0069),Single-Character (Twin)
coınbase.org,YES,coinbase.org,coinbase,ı (U+0131) -> i (U+0069),Single-Character (Twin)
coınbase.vip,YES,coinbase.vip,coinbase,ı (U+0131) -> i (U+0069),Single-Character (Twin)
coіnbase.click,YES,coinbase.dick,coinbase,і (U+0456) -> i (U+0069); cl (U+0063 U+006C) -> d (U+0064),Single-Character; Composite (ASCII)
coіnbase.net,YES,coinbase.net,coinbase,і (U+0456) -> i (U+0069),Single-Character
coіnbase.online,YES,coinbase.online,coinbase,і (U+0456) -> i (U+0069),Single-Character
coіnbase.store,YES,coinbase.store,coinbase,і (U+0456) -> i (U+0069),Single-Character
coіnbase.vip,YES,coinbase.vip,coinbase,і (U+0456) -> i (U+0069),Single-Character
cоinbase.biz,YES,coinbase.biz,coinbase,о (U+043E) -> o (U+006F),Single-Character
cоinbase.click,YES,coinbase.dick,coinbase,о (U+043E) -> o (U+006F); cl (U+0063 U+006C) -> d (U+0064),Single-Character; Composite (ASCII)
cоinbase.co,YES,coinbase.co,coinbase,о (U+043E) -> o (U+006F),Single-Character
cоinbase.com,YES,coinbase.com,coinbase,о (U+043E) -> o (U+006F),Single-Character
cоinbase.net,YES,coinbase.net,coinbase,о (U+043E) -> o (U+006F),Single-Character
cоinbase.store,YES,coinbase.store,coinbase,о (U+043E) -> o (U+006F),Single-Character
cоinbase.top,YES,coinbase.top,coinbase,о (U+043E) -> o (U+006F),Single-Character
cоinbase.vip,YES,coinbase.vip,coinbase,о (U+043E) -> o (U+006F),Single-Character
cօinbase.biz,YES,coinbase.biz,coinbase,օ (U+0585) -> o (U+006F),Single-Character
cօinbase.cc,YES,coinbase.cc,coinbase,օ (U+0585) -> o (U+006F),Single-Character
cօinbase.click,YES,coinbase.dick,coinbase,օ (U+0585) -> o (U+006F); cl (U+0063 U+006C) -> d (U+0064),Single-Character; Composite (ASCII)
cօinbase.store,YES,coinbase.store,coinbase,օ (U+0585) -> o (U+006F),Single-Character
cօinbase.top,YES,coinbase.top,coinbase,օ (U+0585) -> o (U+006F),Single-Character
c໐inbase.click,YES,coinbase.dick,coinbase,໐ (U+0ED0) -> o (U+006F); cl (U+0063 U+006C) -> d (U+0064),Single-Character; Composite (ASCII)
c໐inbase.net,YES,coinbase.net,coinbase,໐ (U+0ED0) -> o (U+006F),Single-Character
c໐inbase.top,YES,coinbase.top,coinbase,໐ (U+0ED0) -> o (U+006F),Single-Character
c໐inbase.xyz,YES,coinbase.xyz,coinbase,໐ (U+0ED0) -> o (U+006F),Single-Character
discorcl.biz,YES,discord.biz,discord,cl (U+0063 U+006C) -> d (U+0064),Composite (ASCII)
discorcl.cc,YES,discord.cc,discord,cl (U+0063 U+006C) -> d (U+0064),Composite (ASCII)
discorcl.click,YES,discord.dick,discord,cl (U+0063 U+006C) -> d (U+0064); cl (U+0063 U+006C) -> d (U+0064),Composite (ASCII)
discorcl.com,YES,discord.com,discord,cl (U+0063 U+006C) -> d (U+0064),Composite (ASCII)
discorcl.info,YES,discord.info,discord,cl (U+0063 U+006C) -> d (U+0064),Composite (ASCII)
discorcl.online,YES,discord.online,discord,cl (U+0063 U+006C) -> d (U+0064),Composite (ASCII)
discorcl.site,YES,discord.site,discord,cl (U+0063 U+006C) -> d (U+0064),Composite (ASCII)
discorcl.store,YES,discord.store,discord,cl (U+0063 U+006C) -> d (U+0064),Composite (ASCII)
discorcl.top,YES,discord.top,discord,cl (U+0063 U+006C) -> d (U+0064),Composite (ASCII)
discorcl.vip,YES,discord.vip,discord,cl (U+0063 U+006C) -> d (U+0064),Composite (ASCII)
discоrd.biz,YES,discord.biz,discord,о (U+043E) -> o (U+006F),Single-Character
discоrd.co,YES,discord.co,discord,о (U+043E) -> o (U+006F),Single-Character
discоrd.net,YES,discord.net,discord,о (U+043E) -> o (U+006F),Single-Character
discоrd.online,YES,discord.online,discord,о (U+043E) -> o (U+006F),Single-Character
discоrd.top,YES,discord.top,discord,о (U+043E) -> o (U+006F),Single-Character
discоrd.vip,YES,discord.vip,discord,о (U+043E) -> o (U+006F),Single-Character
discоrd.xyz,YES,discord.xyz,discord,о (U+043E) -> o (U+006F),Single-Character
discօrd.biz,YES,discord.biz,discord,օ (U+0585) -> o (U+006F),Single-Character
discօrd.co,YES,discord.co,discord,օ (U+0585) -> o (U+006F),Single-Character
discօrd.xyz,YES,discord.xyz,discord,օ (U+0585) -> o (U+006F),Single-Character
disc໐rd.click,YES,discord.dick,discord,໐ (U+0ED0) -> o (U+006F); cl (U+0063 U+006C) -> d (U+0064),Single-Character; Composite (ASCII)
disc໐rd.co,YES,discord.co,discord,໐ (U+0ED0) -> o (U+006F),Single-Character
disc໐rd.org,YES,discord.org,discord,໐ (U+0ED0) -> o (U+006F),Single-Character
disc໐rd.store,YES,discord.store,discord,໐ (U+0ED0) -> o (U+006F),Single-Character
disc໐rd.xyz,YES,discord.xyz,discord,໐ (U+0ED0) -> o (U+006F),Single-Character
disneу.cc,YES,disney.cc,disney,у (U+0443) -> y (U+0079),Single-Character
disneу.click,YES,disney.dick,disney,у (U+0443) -> y (U+0079); cl (U+0063 U+006C) -> d (U+0064),Single-Character; Composite (ASCII)
disneу.com,YES,disney.com,disney,у (U+0443) -> y (U+0079),Single-Character
disneу.info,YES,disney.info,disney,у (U+0443) -> y (U+0079),Single-Character
disneу.net,YES,disney.net,disney,у (U+0443) -> y (U+0079),Single-Character
disneу.online,YES,disney.online,disney,у (U+0443) -> y (U+0079),Single-Character
disneу.org,YES,disney.org,disney,у (U+0443) -> y (U+0079),Single-Character
disneу.site,YES,disney.site,disney,у (U+0443) -> y (U+0079),Single-Character
disneу.store,YES,disney.store,disney,у (U+0443) -> y (U+0079),Single-Character
disneу.top,YES,disney.top,disney,у (U+0443) -> y (U+0079),Single-Character
disneу.xyz,YES,disney.xyz,disney,у (U+0443) -> y (U+0079),Single-Character
disnèy.biz,YES,disney.biz,disney,,
disnèy.cc,YES,disney.cc,disney,,
disnèy.co,YES,disney.co,disney,,
disnèy.com,YES,disney.com,disney,,
disnèy.info,YES,disney.info,disney,,
disnèy.online,YES,disney.online,disney,,
disnèy.vip,YES,disney.vip,disney,,
disnéy.biz,YES,disney.biz,disney,é (U+00E9) -> e (U+0065),Single-Character
disnéy.cc,YES,disney.cc,disney,é (U+00E9) -> e (U+0065),Single-Character
disnéy.info,YES,disney.info,disney,é (U+00E9) -> e (U+0065),Single-Character
disnéy.site,YES,disney.site,disney,é (U+00E9) -> e (U+0065),Single-Character
disnéy.top,YES,disney.top,disney,é (U+00E9) -> e (U+0065),Single-Character
disnéy.xyz,YES,disney.xyz,disney,é (U+00E9) -> e (U+0065),Single-Character
disnеy.cc,YES,disney.cc,disney,е (U+0435) -> e (U+0065),Single-Character
disnеy.click,YES,disney.dick,disney,е (U+0435) -> e (U+0065); cl (U+0063 U+006C) -> d (U+0064),Single-Character; Composite (ASCII)
disnеy.com,YES,disney.com,disney,е (U+0435) -> e (U+0065),Single-Character
disnеy.info,YES,disney.info,disney,е (U+0435) -> e (U+0065),Single-Character
disnеy.site,YES,disney.site,disney,е (U+0435) -> e (U+0065),Single-Character
disnеy.vip,YES,disney.vip,disney,е (U+0435) -> e (U+0065),Single-Character
disсord.biz,YES,discord.biz,discord,с (U+0441) -> c (U+0063),Single-Character
disсord.click,YES,discord.dick,discord,с (U+0441) -> c (U+0063); cl (U+0063 U+006C) -> d (U+0064),Single-Character; Composite (ASCII)
disсord.co,YES,discord.co,discord,с (U+0441) -> c (U+0063),Single-Character
disсord.com,YES,discord.com,discord,с (U+0441) -> c (U+0063),Single-Character
disсord.net,YES,discord.net,discord,с (U+0441) -> c (U+0063),Single-Character
disсord.online,YES,discord.online,discord,с (U+0441) -> c (U+0063),Single-Character
disсord.store,YES,discord.store,discord,с (U+0441) -> c (U+0063),Single-Character
disсord.xyz,YES,discord.xyz,discord,с (U+0441) -> c (U+0063),Single-Character
disⲥord.biz,YES,discord.biz,discord,ⲥ (U+2CA5) -> c (U+0063),Single-Character
disⲥord.cc,YES,discord.cc,discord,ⲥ (U+2CA5) -> c (U+0063),Single-Character
disⲥord.click,YES,discord.dick,discord,ⲥ (U+2CA5) -> c (U+0063); cl (U+0063 U+006C) -> d (U+0064),Single-Character; Composite (ASCII)
disⲥord.com,YES,discord.com,discord,ⲥ (U+2CA5) -> c (U+0063),Single-Character
disⲥord.net,YES,discord.net,discord,ⲥ (U+2CA5) -> c (U+0063),Single-Character
disⲥord.online,YES,discord.online,discord,ⲥ (U+2CA5) -> c (U+0063),Single-Character
disⲥord.site,YES,discord.site,discord,ⲥ (U+2CA5) -> c (U+0063),Single-Character
disⲥord.vip,YES,discord.vip,discord,ⲥ (U+2CA5) -> c (U+0063),Single-Character
diѕcord.biz,YES,discord.biz,discord,ѕ (U+0455) -> s (U+0073),Single-Character
diѕcord.click,YES,discord.dick,discord,ѕ (U+0455) -> s (U+0073); cl (U+0063 U+006C) -> d (U+0064),Single-Character; Composite (ASCII)
diѕcord.co,YES,discord.co,discord,ѕ (U+0455) -> s (U+0073),Single-Character
diѕcord.com,YES,discord.com,discord,ѕ (U+0455) -> s (U+0073),Single-Character
diѕcord.info,YES,discord.info,discord,ѕ (U+0455) -> s (U+0073),Single-Character
diѕcord.net,YES,discord.net,discord,ѕ (U+0455) -> s (U+0073),Single-Character
diѕcord.online,YES,discord.online,discord,ѕ (U+0455) -> s (U+0073),Single-Character
diѕcord.org,YES,discord.org,discord,ѕ (U+0455) -> s (U+0073),Single-Character
diѕcord.site,YES,discord.site,discord,ѕ (U+0455) -> s (U+0073),Single-Character
diѕcord.store,YES,discord.store,discord,ѕ (U+0455) -> s (U+0073),Single-Character
diѕcord.top,YES,discord.top,discord,ѕ (U+0455) -> s (U+0073),Single-Character
diѕcord.vip,YES,discord.vip,discord,ѕ (U+0455) -> s (U+0073),Single-Character
diѕcord.xyz,YES,discord.xyz,discord,ѕ (U+0455) -> s (U+0073),Single-Character
diѕney.biz,YES,disney.biz,disney,ѕ (U+0455) -> s (U+0073),Single-Character
diѕney.cc,YES,disney.cc,disney,ѕ (U+0455) -> s (U+0073),Single-Character
diѕney.com,YES,disney.com,disney,ѕ (U+0455) -> s (U+0073),Single-Character
diѕney.info,YES,disney.info,disney,ѕ (U+0455) -> s (U+0073),Single-Character
diѕney.net,YES,disney.net,disney,ѕ (U+0455) -> s (U+0073),Single-Character
diѕney.online,YES,disney.online,disney,ѕ (U+0455) -> s (U+0073),Single-Character
diѕney.site,YES,disney.site,disney,ѕ (U+0455) -> s (U+0073),Single-Character
diѕney.top,YES,disney.top,disney,ѕ (U+0455) -> s (U+0073),Single-Character
diѕney.vip,YES,disney.vip,disney,ѕ (U+0455) -> s (U+0073),Single-Character
diѕney.xyz,YES,disney.xyz,disney,ѕ (U+0455) -> s (U+0073),Single-Character
döviz.com,YES,doviz.com,,ö (U+00F6) -> o (U+006F),Single-Character (Twin)
dıscord.cc,YES,discord.cc,discord,ı (U+0131) -> i (U+0069),Single-Character (Twin)
dıscord.com,YES,discord.com,discord,ı (U+0131) -> i (U+0069),Single-Character (Twin)
dıscord.info,YES,discord.info,discord,ı (U+0131) -> i (U+0069),Single-Character (Twin)
dıscord.net,YES,discord.net,discord,ı (U+0131) -> i (U+0069),Single-Character (Twin)
dıscord.online,YES,discord.online,discord,ı (U+0131) -> i (U+0069),Single-Character (Twin)
dıscord.org,YES,discord.org,discord,ı (U+0131) -> i (U+0069),Single-Character (Twin)
dıscord.store,YES,discord.store,discord,ı (U+0131) -> i (U+0069),Single-Character (Twin)
dıscord.top,YES,discord.top,discord,ı (U+0131) -> i (U+0069),Single-Character (Twin)
dıscord.vip,YES,discord.vip,discord,ı (U+0131) -> i (U+0069),Single-Character (Twin)
dıscord.xyz,YES,discord.xyz,discord,ı (U+0131) -> i (U+0069),Single-Character (Twin)
dısney.biz,YES,disney.biz,disney,ı (U+0131) -> i (U+0069),Single-Character (Twin)
dısney.cc,YES,disney.cc,disney,ı (U+0131) -> i (U+0069),Single-Character (Twin)
dısney.click,YES,disney.dick,disney,ı (U+0131) -> i (U+0069); cl (U+0063 U+006C) -> d (U+0064),Single-Character (Twin); Composite (ASCII)
dısney.co,YES,disney.co,disney,ı (U+0131) -> i (U+0069),Single-Character (Twin)
dısney.com,YES,disney.com,disney,ı (U+0131) -> i (U+0069),Single-Character (Twin)
dısney.online,YES,disney.online,disney,ı (U+0131) -> i (U+0069),Single-Character (Twin)
dısney.org,YES,disney.org,disney,ı (U+0131) -> i (U+0069),Single-Character (Twin)
dısney.site,YES,disney.site,disney,ı (U+0131) -> i (U+0069),Single-Character (Twin)
dısney.store,YES,disney.store,disney,ı (U+0131) -> i (U+0069),Single-Character (Twin)
dısney.top,YES,disney.top,disney,ı (U+0131) -> i (U+0069),Single-Character (Twin)
dısney.vip,YES,disney.vip,disney,ı (U+0131) -> i (U+0069),Single-Character (Twin)
dısney.xyz,YES,disney.xyz,disney,ı (U+0131) -> i (U+0069),Single-Character (Twin)
dіscord.biz,YES,discord.biz,discord,і (U+0456) -> i (U+0069),Single-Character
dіscord.cc,YES,discord.cc,discord,і (U+0456) -> i (U+0069),Single-Character
dіscord.click,YES,discord.dick,discord,і (U+0456) -> i (U+0069); cl (U+0063 U+006C) -> d (U+0064),Single-Character; Composite (ASCII)
dіscord.co,YES,discord.co,discord,і (U+0456) -> i (U+0069),Single-Character
dіscord.com,YES,discord.com,discord,і (U+0456) -> i (U+0069),Single-Character
dіscord.info,YES,discord.info,discord,і (U+0456) -> i (U+0069),Single-Character
dіscord.online,YES,discord.online,discord,і (U+0456) -> i (U+0069),Single-Character
dіscord.org,YES,discord.org,discord,і (U+0456) -> i (U+0069),Single-Character
dіscord.site,YES,discord.site,discord,і (U+0456) -> i (U+0069),Single-Character
dіscord.store,YES,discord.store,discord,і (U+0456) -> i (U+0069),Single-Character
dіscord.top,YES,discord.top,discord,і (U+0456) -> i (U+0069),Single-Character
dіscord.vip,YES,discord.vip,discord,і (U+0456) -> i (U+0069),Single-Character
dіsney.cc,YES,disney.cc,disney,і (U+0456) -> i (U+0069),Single-Character
dіsney.click,YES,disney.dick,disney,і (U+0456) -> i (U+0069); cl (U+0063 U+006C) -> d (U+0064),Single-Character; Composite (ASCII)
dіsney.co,YES,disney.co,disney,і (U+0456) -> i (U+0069),Single-Character
dіsney.com,YES,disney.com,disney,і (U+0456) -> i (U+0069),Single-Character
dіsney.info,YES,disney.info,disney,і (U+0456) -> i (U+0069),Single-Character
dіsney.online,YES,disney.online,disney,і (U+0456) -> i (U+0069),Single-Character
dіsney.org,YES,disney.org,disney,і (U+0456) -> i (U+0069),Single-Character
dіsney.store,YES,disney.store,disney,і (U+0456) -> i (U+0069),Single-Character
dіsney.top,YES,disney.top,disney,і (U+0456) -> i (U+0069),Single-Character
dіsney.vip,YES,disney.vip,disney,і (U+0456) -> i (U+0069),Single-Character
expansión.com,YES,expansion.com,,,
faceboоk.co,YES,facebook.co,facebook,о (U+043E) -> o (U+006F),Single-Character
faceboоk.net,YES,facebook.net,facebook,о (U+043E) -> o (U+006F),Single-Character
faceboоk.store,YES,facebook.store,facebook,о (U+043E) -> o (U+006F),Single-Character
faceboоk.top,YES,facebook.top,facebook,о (U+043E) -> o (U+006F),Single-Character
faceboоk.vip,YES,facebook.vip,facebook,о (U+043E) -> o (U+006F),Single-Character
faceboօk.biz,YES,facebook.biz,facebook,օ (U+0585) -> o (U+006F),Single-Character
faceboօk.click,YES,facebook.dick,facebook,օ (U+0585) -> o (U+006F); cl (U+0063 U+006C) -> d (U+0064),Single-Character; Composite (ASCII)
faceboօk.net,YES,facebook.net,facebook,օ (U+0585) -> o (U+006F),Single-Character
faceboօk.site,YES,facebook.site,facebook,օ (U+0585) -> o (U+006F),Single-Character
faceboօk.store,YES,facebook.store,facebook,օ (U+0585) -> o (U+006F),Single-Character
faceboօk.top,YES,facebook.top,facebook,օ (U+0585) -> o (U+006F),Single-Character
faceboօk.vip,YES,facebook.vip,facebook,օ (U+0585) -> o (U+006F),Single-Character
faceboօk.xyz,YES,facebook.xyz,facebook,օ (U+0585) -> o (U+006F),Single-Character
facebo໐k.biz,YES,facebook.biz,facebook,໐ (U+0ED0) -> o (U+006F),Single-Character
facebo໐k.click,YES,facebook.dick,facebook,໐ (U+0ED0) -> o (U+006F); cl (U+0063 U+006C) -> d (U+0064),Single-Character; Composite (ASCII)
facebo໐k.com,YES,facebook.com,facebook,໐ (U+0ED0) -> o (U+006F),Single-Character
facebo໐k.org,YES,facebook.org,facebook,໐ (U+0ED0) -> o (U+006F),Single-Character
facebo໐k.site,YES,facebook.site,facebook,໐ (U+0ED0) -> o (U+006F),Single-Character
facebo໐k.vip,YES,facebook.vip,facebook,໐ (U+0ED0) -> o (U+006F),Single-Character
facebo໐k.xyz,YES,facebook.xyz,facebook,໐ (U+0ED0) -> o (U+006F),Single-Character
facebоok.biz,YES,facebook.biz,facebook,о (U+043E) -> o (U+006F),Single-Character
facebоok.cc,YES,facebook.cc,facebook,о (U+043E) -> o (U+006F),Single-Character
facebоok.info,YES,facebook.info,facebook,о (U+043E) -> o (U+006F),Single-Character
facebоok.online,YES,facebook.online,facebook,о (U+043E) -> o (U+006F),Single-Character
facebоok.top,YES,facebook.top,facebook,о (U+043E) -> o (U+006F),Single-Character
facebоok.xyz,YES,facebook.xyz,facebook,о (U+043E) -> o (U+006F),Single-Character
facebօok.biz,YES,facebook.biz,facebook,օ (U+0585) -> o (U+006F),Single-Character
facebօok.cc,YES,facebook.cc,facebook,օ (U+0585) -> o (U+006F),Single-Character
facebօok.click,YES,facebook.dick,facebook,օ (U+0585) -> o (U+006F); cl (U+0063 U+006C) -> d (U+0064),Single-Character; Composite (ASCII)
facebօok.com,YES,facebook.com,facebook,օ (U+0585) -> o (U+006F),Single-Character
facebօok.info,YES,facebook.info,facebook,օ (U+0585) -> o (U+006F),Single-Character
facebօok.store,YES,facebook.store,facebook,օ (U+0585) -> o (U+006F),Single-Character
facebօok.top,YES,facebook.top,facebook,օ (U+0585) -> o (U+006F),Single-Character
facebօok.xyz,YES,facebook.xyz,facebook,օ (U+0585) -> o (U+006F),Single-Character
faceb໐ok.biz,YES,facebook.biz,facebook,໐ (U+0ED0) -> o (U+006F),Single-Character
faceb໐ok.cc,YES,facebook.cc,facebook,໐ (U+0ED0) -> o (U+006F),Single-Character
faceb໐ok.co,YES,facebook.co,facebook,໐ (U+0ED0) -> o (U+006F),Single-Character
faceb໐ok.com,YES,facebook.com,facebook,໐ (U+0ED0) -> o (U+006F),Single-Character
faceb໐ok.info,YES,facebook.info,facebook,໐ (U+0ED0) -> o (U+006F),Single-Character
faceb໐ok.net,YES,facebook.net,facebook,໐ (U+0ED0) -> o (U+006F),Single-Character
faceb໐ok.org,YES,facebook.org,facebook,໐ (U+0ED0) -> o (U+006F),Single-Character
faceloook.cc,YES,facebook.cc,facebook,lo (U+006C U+006F) -> b (U+0062),Composite (ASCII)
faceloook.com,YES,facebook.com,facebook,lo (U+006C U+006F) -> b (U+0062),Composite (ASCII)
faceloook.info,YES,facebook.info,facebook,lo (U+006C U+006F) -> b (U+0062),Composite (ASCII)
faceloook.org,YES,facebook.org,facebook,lo (U+006C U+006F) -> b (U+0062),Composite (ASCII)
faceloook.store,YES,facebook.store,facebook,lo (U+006C U+006F) -> b (U+0062),Composite (ASCII)
faceloook.top,YES,facebook.top,facebook,lo (U+006C U+006F) -> b (U+0062),Composite (ASCII)
faceloook.vip,YES,facebook.vip,facebook,lo (U+006C U+006F) -> b (U+0062),Composite (ASCII)
facèbook.biz,YES,facebook.biz,facebook,,
facèbook.cc,YES,facebook.cc,facebook,,
facèbook.click,YES,facebook.dick,facebook,cl (U+0063 U+006C) -> d (U+0064),Composite (ASCII)
facèbook.co,YES,facebook.co,facebook,,
facèbook.org,YES,facebook.org,facebook,,
facèbook.vip,YES,facebook.vip,facebook,,
facébook.cc,YES,facebook.cc,facebook,é (U+00E9) -> e (U+0065),Single-Character
facébook.com,YES,facebook.com,facebook,é (U+00E9) -> e (U+0065),Single-Character
facébook.org,YES,facebook.org,facebook,é (U+00E9) -> e (U+0065),Single-Character
facébook.store,YES,facebook.store,facebook,é (U+00E9) -> e (U+0065),Single-Character
facébook.top,YES,facebook.top,facebook,é (U+00E9) -> e (U+0065),Single-Character
facébook.vip,YES,facebook.vip,facebook,é (U+00E9) -> e (U+0065),Single-Character
facеbook.click,YES,facebook.dick,facebook,е (U+0435) -> e (U+0065); cl (U+0063 U+006C) -> d (U+0064),Single-Character; Composite (ASCII)
facеbook.info,YES,facebook.info,facebook,е (U+0435) -> e (U+0065),Single-Character
facеbook.online,YES,facebook.online,facebook,е (U+0435) -> e (U+0065),Single-Character
facеbook.org,YES,facebook.org,facebook,е (U+0435) -> e (U+0065),Single-Character
facеbook.top,YES,facebook.top,facebook,е (U+0435) -> e (U+0065),Single-Character
facеbook.vip,YES,facebook.vip,facebook,е (U+0435) -> e (U+0065),Single-Character
faсebook.biz,YES,facebook.biz,facebook,с (U+0441) -> c (U+0063),Single-Character
faсebook.click,YES,facebook.dick,facebook,с (U+0441) -> c (U+0063); cl (U+0063 U+006C) -> d (U+0064),Single-Character; Composite (ASCII)
faсebook.co,YES,facebook.co,facebook,с (U+0441) -> c (U+0063),Single-Character
faсebook.info,YES,facebook.info,facebook,с (U+0441) -> c (U+0063),Single-Character
faсebook.net,YES,facebook.net,facebook,с (U+0441) -> c (U+0063),Single-Character
faсebook.online,YES,facebook.online,facebook,с (U+0441) -> c (U+0063),Single-Character
faсebook.site,YES,facebook.site,facebook,с (U+0441) -> c (U+0063),Single-Character
faсebook.vip,YES,facebook.vip,facebook,с (U+0441) -> c (U+0063),Single-Character
faⲥebook.biz,YES,facebook.biz,facebook,ⲥ (U+2CA5) -> c (U+0063),Single-Character
faⲥebook.cc,YES,facebook.cc,facebook,ⲥ (U+2CA5) -> c (U+0063),Single-Character
faⲥebook.click,YES,facebook.dick,facebook,ⲥ (U+2CA5) -> c (U+0063); cl (U+0063 U+006C) -> d (U+0064),Single-Character; Composite (ASCII)
faⲥebook.com,YES,facebook.com,facebook,ⲥ (U+2CA5) -> c (U+0063),Single-Character
faⲥebook.info,YES,facebook.info,facebook,ⲥ (U+2CA5) -> c (U+0063),Single-Character
faⲥebook.online,YES,facebook.online,facebook,ⲥ (U+2CA5) -> c (U+0063),Single-Character
faⲥebook.org,YES,facebook.org,facebook,ⲥ (U+2CA5) -> c (U+0063),Single-Character
faⲥebook.site,YES,facebook.site,facebook,ⲥ (U+2CA5) -> c (U+0063),Single-Character
faⲥebook.store,YES,facebook.store,facebook,ⲥ (U+2CA5) -> c (U+0063),Single-Character
faⲥebook.top,YES,facebook.top,facebook,ⲥ (U+2CA5) -> c (U+0063),Single-Character
faⲥebook.vip,YES,facebook.vip,facebook,ⲥ (U+2CA5) -> c (U+0063),Single-Character
faⲥebook.xyz,YES,facebook.xyz,facebook,ⲥ (U+2CA5) -> c (U+0063),Single-Character
feclex.biz,YES,fedex.biz,fedex,cl (U+0063 U+006C) -> d (U+0064),Composite (ASCII)
feclex.cc,YES,fedex.cc,fedex,cl (U+0063 U+006C) -> d (U+0064),Composite (ASCII)
feclex.click,YES,fedex.dick,fedex,cl (U+0063 U+006C) -> d (U+0064); cl (U+0063 U+006C) -> d (U+0064),Composite (ASCII)
feclex.co,YES,fedex.co,fedex,cl (U+0063 U+006C) -> d (U+0064),Composite (ASCII)
feclex.com,YES,fedex.com,fedex,cl (U+0063 U+006C) -> d (U+0064),Composite (ASCII)
feclex.info,YES,fedex.info,fedex,cl (U+0063 U+006C) -> d (U+0064),Composite (ASCII)
feclex.net,YES,fedex.net,fedex,cl (U+0063 U+006C) -> d (U+0064),Composite (ASCII)
feclex.online,YES,fedex.online,fedex,cl (U+0063 U+006C) -> d (U+0064),Composite (ASCII)
feclex.org,YES,fedex.org,fedex,cl (U+0063 U+006C) -> d (U+0064),Composite (ASCII)
feclex.site,YES,fedex.site,fedex,cl (U+0063 U+006C) -> d (U+0064),Composite (ASCII)
feclex.store,YES,fedex.store,fedex,cl (U+0063 U+006C) -> d (U+0064),Composite (ASCII)
feclex.top,YES,fedex.top,fedex,cl (U+0063 U+006C) -> d (U+0064),Composite (ASCII)
feclex.vip,YES,fedex.vip,fedex,cl (U+0063 U+006C) -> d (U+0064),Composite (ASCII)
fedeх.biz,YES,fedex.biz,fedex,х (U+0445) -> x (U+0078),Single-Character
fedeх.cc,YES,fedex.cc,fedex,х (U+0445) -> x (U+0078),Single-Character
fedeх.click,YES,fedex.dick,fedex,х (U+0445) -> x (U+0078); cl (U+0063 U+006C) -> d (U+0064),Single-Character; Composite (ASCII)
fedeх.co,YES,fedex.co,fedex,х (U+0445) -> x (U+0078),Single-Character
fedeх.com,YES,fedex.com,fedex,х (U+0445) -> x (U+0078),Single-Character
fedeх.info,YES,fedex.info,fedex,х (U+0445) -> x (U+0078),Single-Character
fedeх.net,YES,fedex.net,fedex,х (U+0445) -> x (U+0078),Single-Character
fedeх.online,YES,fedex.online,fedex,х (U+0445) -> x (U+0078),Single-Character
fedeх.site,YES,fedex.site,fedex,х (U+0445) -> x (U+0078),Single-Character
fedeх.store,YES,fedex.store,fedex,х (U+0445) -> x (U+0078),Single-Character
fedeх.vip,YES,fedex.vip,fedex,х (U+0445) -> x (U+0078),Single-Character
fedeх.xyz,YES,fedex.xyz,fedex,х (U+0445) -> x (U+0078),Single-Character
fedèx.co,YES,fedex.co,fedex,,
fedèx.com,YES,fedex.com,fedex,,
fedèx.info,YES,fedex.info,fedex,,
fedèx.site,YES,fedex.site,fedex,,
fedèx.store,YES,fedex.store,fedex,,
fedèx.vip,YES,fedex.vip,fedex,,
fedèx.xyz,YES,fedex.xyz,fedex,,
fedéx.biz,YES,fedex.biz,fedex,é (U+00E9) -> e (U+0065),Single-Character
fedéx.co,YES,fedex.co,fedex,é (U+00E9) -> e (U+0065),Single-Character
fedéx.com,YES,fedex.com,fedex,é (U+00E9) -> e (U+0065),Single-Character
fedéx.info,YES,fedex.info,fedex,é (U+00E9) -> e (U+0065),Single-Character
fedéx.xyz,YES,fedex.xyz,fedex,é (U+00E9) -> e (U+0065),Single-Character
fedеx.co,YES,fedex.co,fedex,е (U+0435) -> e (U+0065),Single-Character
fedеx.net,YES,fedex.net,fedex,е (U+0435) -> e (U+0065),Single-Character
fedеx.org,YES,fedex.org,fedex,е (U+0435) -> e (U+0065),Single-Character
fedеx.site,YES,fedex.site,fedex,е (U+0435) -> e (U+0065),Single-Character
fedеx.vip,YES,fedex.vip,fedex,е (U+0435) -> e (U+0065),Single-Character
fedеx.xyz,YES,fedex.xyz,fedex,е (U+0435) -> e (U+0065),Single-Character
fèdex.biz,YES,fedex.biz,fedex,,
fèdex.cc,YES,fedex.cc,fedex,,
fèdex.info,YES,fedex.info,fedex,,
fèdex.online,YES,fedex.online,fedex,,
fèdex.store,YES,fedex.store,fedex,,
fèdex.top,YES,fedex.top,fedex,,
fèdex.vip,YES,fedex.vip,fedex,,
fédex.biz,YES,fedex.biz,fedex,é (U+00E9) -> e (U+0065),Single-Character
fédex.click,YES,fedex.dick,fedex,é (U+00E9) -> e (U+0065); cl (U+0063 U+006C) -> d (U+0064),Single-Character; Composite (ASCII)
fédex.co,YES,fedex.co,fedex,é (U+00E9) -> e (U+0065),Single-Character
fédex.online,YES,fedex.online,fedex,é (U+00E9) -> e (U+0065),Single-Character
fédex.org,YES,fedex.org,fedex,é (U+00E9) -> e (U+0065),Single-Character
fédex.site,YES,fedex.site,fedex,é (U+00E9) -> e (U+0065),Single-Character
fédex.store,YES,fedex.store,fedex,é (U+00E9) -> e (U+0065),Single-Character
fédex.top,YES,fedex.top,fedex,é (U+00E9) -> e (U+0065),Single-Character
fédex.vip,YES,fedex.vip,fedex,é (U+00E9) -> e (U+0065),Single-Character
fédex.xyz,YES,fedex.xyz,fedex,é (U+00E9) -> e (U+0065),Single-Character
fаcebook.biz,YES,facebook.biz,facebook,а (U+0430) -> a (U+0061),Single-Character
fаcebook.click,YES,facebook.dick,facebook,а (U+0430) -> a (U+0061); cl (U+0063 U+006C) -> d (U+0064),Single-Character; Composite (ASCII)
fаcebook.co,YES,facebook.co,facebook,а (U+0430) -> a (U+0061),Single-Character
fаcebook.com,YES,facebook.com,facebook,а (U+0430) -> a (U+0061),Single-Character
fаcebook.info,YES,facebook.info,facebook,а (U+0430) -> a (U+0061),Single-Character
fаcebook.net,YES,facebook.net,facebook,а (U+0430) -> a (U+0061),Single-Character
fаcebook.online,YES,facebook.online,facebook,а (U+0430) -> a (U+0061),Single-Character
fаcebook.org,YES,facebook.org,facebook,а (U+0430) -> a (U+0061),Single-Character
fаcebook.site,YES,facebook.site,facebook,а (U+0430) -> a (U+0061),Single-Character
fаcebook.vip,YES,facebook.vip,facebook,а (U+0430) -> a (U+0061),Single-Character
fаcebook.xyz,YES,facebook.xyz,facebook,а (U+0430) -> a (U+0061),Single-Character
fасebook.com,YES,facebook.com,facebook,а (U+0430) -> a (U+0061); с (U+0441) -> c (U+0063),Single-Character
fеdex.com,YES,fedex.com,fedex,е (U+0435) -> e (U+0065),Single-Character
fеdex.info,YES,fedex.info,fedex,е (U+0435) -> e (U+0065),Single-Character
fеdex.net,YES,fedex.net,fedex,е (U+0435) -> e (U+0065),Single-Character
fеdex.org,YES,fedex.org,fedex,е (U+0435) -> e (U+0065),Single-Character
fеdex.vip,YES,fedex.vip,fedex,е (U+0435) -> e (U+0065),Single-Character
gmaiĺ.com,YES,gmail.com,gmail,,
gmaıl.cc,YES,gmail.cc,gmail,ı (U+0131) -> i (U+0069),Single-Character (Twin)
gmaıl.click,YES,gmail.dick,gmail,ı (U+0131) -> i (U+0069); cl (U+0063 U+006C) -> d (U+0064),Single-Character (Twin); Composite (ASCII)
gmaıl.com,YES,gmail.com,gmail,ı (U+0131) -> i (U+0069),Single-Character (Twin)
gmaıl.info,YES,gmail.info,gmail,ı (U+0131) -> i (U+0069),Single-Character (Twin)
gmaıl.net,YES,gmail.net,gmail,ı (U+0131) -> i (U+0069),Single-Character (Twin)
gmaıl.online,YES,gmail.online,gmail,ı (U+0131) -> i (U+0069),Single-Character (Twin)
gmaıl.site,YES,gmail.site,gmail,ı (U+0131) -> i (U+0069),Single-Character (Twin)
gmaıl.store,YES,gmail.store,gmail,ı (U+0131) -> i (U+0069),Single-Character (Twin)
gmaıl.top,YES,gmail.top,gmail,ı (U+0131) -> i (U+0069),Single-Character (Twin)
gmaıl.vip,YES,gmail.vip,gmail,ı (U+0131) -> i (U+0069),Single-Character (Twin)
gmaıl.xyz,YES,gmail.xyz,gmail,ı (U+0131) -> i (U+0069),Single-Character (Twin)
gmaіl.cc,YES,gmail.cc,gmail,і (U+0456) -> i (U+0069),Single-Character
gmaіl.click,YES,gmail.dick,gmail,і (U+0456) -> i (U+0069); cl (U+0063 U+006C) -> d (U+0064),Single-Character; Composite (ASCII)
gmaіl.co,YES,gmail.co,gmail,і (U+0456) -> i (U+0069),Single-Character
gmaіl.com,YES,gmail.com,gmail,і (U+0456) -> i (U+0069),Single-Character
gmaіl.info,YES,gmail.info,gmail,і (U+0456) -> i (U+0069),Single-Character
gmaіl.net,YES,gmail.net,gmail,і (U+0456) -> i (U+0069),Single-Character
gmaіl.online,YES,gmail.online,gmail,і (U+0456) -> i (U+0069),Single-Character
gmaіl.site,YES,gmail.site,gmail,і (U+0456) -> i (U+0069),Single-Character
gmaіl.store,YES,gmail.store,gmail,і (U+0456) -> i (U+0069),Single-Character
gmaіl.top,YES,gmail.top,gmail,і (U+0456) -> i (U+0069),Single-Character
gmaіl.vip,YES,gmail.vip,gmail,і (U+0456) -> i (U+0069),Single-Character
gmaіl.xyz,YES,gmail.xyz,gmail,і (U+0456) -> i (U+0069),Single-Character
gmàil.com,YES,gmail.com,gmail,,
gmаil.biz,YES,gmail.biz,gmail,а (U+0430) -> a (U+0061),Single-Character
gmаil.cc,YES,gmail.cc,gmail,а (U+0430) -> a (U+0061),Single-Character
gmаil.click,YES,gmail.dick,gmail,а (U+0430) -> a (U+0061); cl (U+0063 U+006C) -> d (U+0064),Single-Character; Composite (ASCII)
gmаil.co,YES,gmail.co,gmail,а (U+0430) -> a (U+0061),Single-Character
gmаil.com,YES,gmail.com,gmail,а (U+0430) -> a (U+0061),Single-Character
gmаil.info,YES,gmail.info,gmail,а (U+0430) -> a (U+0061),Single-Character
gmаil.net,YES,gmail.net,gmail,а (U+0430) -> a (U+0061),Single-Character
gmаil.online,YES,gmail.online,gmail,а (U+0430) -> a (U+0061),Single-Character
gmаil.org,YES,gmail.org,gmail,а (U+0430) -> a (U+0061),Single-Character
gmаil.site,YES,gmail.site,gmail,а (U+0430) -> a (U+0061),Single-Character
gmаil.store,YES,gmail.store,gmail,а (U+0430) -> a (U+0061),Single-Character
gmаil.top,YES,gmail.top,gmail,а (U+0430) -> a (U+0061),Single-Character
gmаil.vip,YES,gmail.vip,gmail,а (U+0430) -> a (U+0061),Single-Character
gmаil.xyz,YES,gmail.xyz,gmail,а (U+0430) -> a (U+0061),Single-Character
googlè.biz,YES,google.biz,google,,
googlè.click,YES,google.dick,google,cl (U+0063 U+006C) -> d (U+0064),Composite (ASCII)
googlè.co,YES,google.co,google,,
googlè.info,YES,google.info,google,,
googlè.net,YES,google.net,google,,
googlè.online,YES,google.online,google,,
googlè.store,YES,google.store,google,,
googlè.top,YES,google.top,google,,
googlè.xyz,YES,google.xyz,google,,
googlé.biz,YES,google.biz,google,é (U+00E9) -> e (U+0065),Single-Character
googlé.cc,YES,google.cc,google,é (U+00E9) -> e (U+0065),Single-Character
googlé.com,YES,google.com,google,é (U+00E9) -> e (U+0065),Single-Character
googlé.store,YES,google.store,google,é (U+00E9) -> e (U+0065),Single-Character
googlé.xyz,YES,google.xyz,google,é (U+00E9) -> e (U+0065),Single-Character
googlе.click,YES,google.dick,google,е (U+0435) -> e (U+0065); cl (U+0063 U+006C) -> d (U+0064),Single-Character; Composite (ASCII)
googlе.co,YES,google.co,google,е (U+0435) -> e (U+0065),Single-Character
googlе.info,YES,google.info,google,е (U+0435) -> e (U+0065),Single-Character
googlе.net,YES,google.net,google,е (U+0435) -> e (U+0065),Single-Character
googlе.org,YES,google.org,google,е (U+0435) -> e (U+0065),Single-Character
googlе.store,YES,google.store,google,е (U+0435) -> e (U+0065),Single-Character
googlе.top,YES,google.top,google,е (U+0435) -> e (U+0065),Single-Character
googlе.vip,YES,google.vip,google,е (U+0435) -> e (U+0065),Single-Character
goоgle.biz,YES,google.biz,google,о (U+043E) -> o (U+006F),Single-Character
goоgle.cc,YES,google.cc,google,о (U+043E) -> o (U+006F),Single-Character
goоgle.co,YES,google.co,google,о (U+043E) -> o (U+006F),Single-Character
goоgle.com,YES,google.com,google,о (U+043E) -> o (U+006F),Single-Character
goоgle.info,YES,google.info,google,о (U+043E) -> o (U+006F),Single-Character
goоgle.net,YES,google.net,google,о (U+043E) -> o (U+006F),Single-Character
goоgle.org,YES,google.org,google,о (U+043E) -> o (U+006F),Single-Character
goоgle.store,YES,google.store,google,о (U+043E) -> o (U+006F),Single-Character
goоgle.vip,YES,google.vip,google,о (U+043E) -> o (U+006F),Single-Character
goоgle.xyz,YES,google.xyz,google,о (U+043E) -> o (U+006F),Single-Character
goօgle.biz,YES,google.biz,google,օ (U+0585) -> o (U+006F),Single-Character
goօgle.cc,YES,google.cc,google,օ (U+0585) -> o (U+006F),Single-Character
goօgle.click,YES,google.dick,google,օ (U+0585) -> o (U+006F); cl (U+0063 U+006C) -> d (U+0064),Single-Character; Composite (ASCII)
goօgle.com,YES,google.com,google,օ (U+0585) -> o (U+006F),Single-Character
goօgle.info,YES,google.info,google,օ (U+0585) -> o (U+006F),Single-Character
goօgle.net,YES,google.net,google,օ (U+0585) -> o (U+006F),Single-Character
goօgle.online,YES,google.online,google,օ (U+0585) -> o (U+006F),Single-Character
goօgle.top,YES,google.top,google,օ (U+0585) -> o (U+006F),Single-Character
goօgle.vip,YES,google.vip,google,օ (U+0585) -> o (U+006F),Single-Character
goօgle.xyz,YES,google.xyz,google,օ (U+0585) -> o (U+006F),Single-Character
go໐gle.biz,YES,google.biz,google,໐ (U+0ED0) -> o (U+006F),Single-Character
go໐gle.click,YES,google.dick,google,໐ (U+0ED0) -> o (U+006F); cl (U+0063 U+006C) -> d (U+0064),Single-Character; Composite (ASCII)
go໐gle.info,YES,google.info,google,໐ (U+0ED0) -> o (U+006F),Single-Character
go໐gle.online,YES,google.online,google,໐ (U+0ED0) -> o (U+006F),Single-Character
go໐gle.org,YES,google.org,google,໐ (U+0ED0) -> o (U+006F),Single-Character
go໐gle.site,YES,google.site,google,໐ (U+0ED0) -> o (U+006F),Single-Character
go໐gle.store,YES,google.store,google,໐ (U+0ED0) -> o (U+006F),Single-Character
go໐gle.top,YES,google.top,google,໐ (U+0ED0) -> o (U+006F),Single-Character
go໐gle.vip,YES,google.vip,google,໐ (U+0ED0) -> o (U+006F),Single-Character
go໐gle.xyz,YES,google.xyz,google,໐ (U+0ED0) -> o (U+006F),Single-Character
grnail.biz,YES,gmail.biz,gmail,rn (U+0072 U+006E) -> m (U+006D),Composite (ASCII)
grnail.cc,YES,gmail.cc,gmail,rn (U+0072 U+006E) -> m (U+006D),Composite (ASCII)
grnail.click,YES,gmail.dick,gmail,rn (U+0072 U+006E) -> m (U+006D); cl (U+0063 U+006C) -> d (U+0064),Composite (ASCII)
grnail.co,YES,gmail.co,gmail,rn (U+0072 U+006E) -> m (U+006D),Composite (ASCII)
grnail.com,YES,gmail.com,gmail,rn (U+0072 U+006E) -> m (U+006D),Composite (ASCII)
grnail.info,YES,gmail.info,gmail,rn (U+0072 U+006E) -> m (U+006D),Composite (ASCII)
grnail.net,YES,gmail.net,gmail,rn (U+0072 U+006E) -> m (U+006D),Composite (ASCII)
grnail.online,YES,gmail.online,gmail,rn (U+0072 U+006E) -> m (U+006D),Composite (ASCII)
grnail.org,YES,gmail.org,gmail,rn (U+0072 U+006E) -> m (U+006D),Composite (ASCII)
grnail.site,YES,gmail.site,gmail,rn (U+0072 U+006E) -> m (U+006D),Composite (ASCII)
grnail.store,YES,gmail.store,gmail,rn (U+0072 U+006E) -> m (U+006D),Composite (ASCII)
grnail.top,YES,gmail.top,gmail,rn (U+0072 U+006E) -> m (U+006D),Composite (ASCII)
grnail.vip,YES,gmail.vip,gmail,rn (U+0072 U+006E) -> m (U+006D),Composite (ASCII)
grnail.xyz,YES,gmail.xyz,gmail,rn (U+0072 U+006E) -> m (U+006D),Composite (ASCII)
gоogle.biz,YES,google.biz,google,о (U+043E) -> o (U+006F),Single-Character
gоogle.cc,YES,google.cc,google,о (U+043E) -> o (U+006F),Single-Character
gоogle.click,YES,google.dick,google,о (U+043E) -> o (U+006F); cl (U+0063 U+006C) -> d (U+0064),Single-Character; Composite (ASCII)
gоogle.co,YES,google.co,google,о (U+043E) -> o (U+006F),Single-Character
gоogle.com,YES,google.com,google,о (U+043E) -> o (U+006F),Single-Character
gоogle.info,YES,google.info,google,о (U+043E) -> o (U+006F),Single-Character
gоogle.org,YES,google.org,google,о (U+043E) -> o (U+006F),Single-Character
gоogle.site,YES,google.site,google,о (U+043E) -> o (U+006F),Single-Character
gоogle.top,YES,google.top,google,о (U+043E) -> o (U+006F),Single-Character
gоogle.vip,YES,google.vip,google,о (U+043E) -> o (U+006F),Single-Character
gоogle.xyz,YES,google.xyz,google,о (U+043E) -> o (U+006F),Single-Character
gօogle.biz,YES,google.biz,google,օ (U+0585) -> o (U+006F),Single-Character
gօogle.cc,YES,google.cc,google,օ (U+0585) -> o (U+006F),Single-Character
gօogle.info,YES,google.info,google,օ (U+0585) -> o (U+006F),Single-Character
gօogle.net,YES,google.net,google,օ (U+0585) -> o (U+006F),Single-Character
gօogle.online,YES,google.online,google,օ (U+0585) -> o (U+006F),Single-Character
gօogle.store,YES,google.store,google,օ (U+0585) -> o (U+006F),Single-Character
gօogle.top,YES,google.top,google,օ (U+0585) -> o (U+006F),Single-Character
gօogle.vip,YES,google.vip,google,օ (U+0585) -> o (U+006F),Single-Character
gօogle.xyz,YES,google.xyz,google,օ (U+0585) -> o (U+006F),Single-Character
g໐ogle.biz,YES,google.biz,google,໐ (U+0ED0) -> o (U+006F),Single-Character
g໐ogle.click,YES,google.dick,google,໐ (U+0ED0) -> o (U+006F); cl (U+0063 U+006C) -> d (U+0064),Single-Character; Composite (ASCII)
g໐ogle.com,YES,google.com,google,໐ (U+0ED0) -> o (U+006F),Single-Character
g໐ogle.net,YES,google.net,google,໐ (U+0ED0) -> o (U+006F),Single-Character
g໐ogle.online,YES,google.online,google,໐ (U+0ED0) -> o (U+006F),Single-Character
g໐ogle.org,YES,google.org,google,໐ (U+0ED0) -> o (U+006F),Single-Character
g໐ogle.store,YES,google.store,google,໐ (U+0ED0) -> o (U+006F),Single-Character
g໐ogle.vip,YES,google.vip,google,໐ (U+0ED0) -> o (U+006F),Single-Character
g໐ogle.xyz,YES,google.xyz,google,໐ (U+0ED0) -> o (U+006F),Single-Character
g໐໐gle.com,YES,google.com,google,໐ (U+0ED0) -> o (U+006F); ໐ (U+0ED0) -> o (U+006F),Single-Character
instagrarn.biz,YES,instagram.biz,instagram,rn (U+0072 U+006E) -> m (U+006D),Composite (ASCII)
instagrarn.cc,YES,instagram.cc,instagram,rn (U+0072 U+006E) -> m (U+006D),Composite (ASCII)
instagrarn.click,YES,instagram.dick,instagram,rn (U+0072 U+006E) -> m (U+006D); cl (U+0063 U+006C) -> d (U+0064),Composite (ASCII)
instagrarn.co,YES,instagram.co,instagram,rn (U+0072 U+006E) -> m (U+006D),Composite (ASCII)
instagrarn.com,YES,instagram.com,instagram,rn (U+0072 U+006E) -> m (U+006D),Composite (ASCII)
instagrarn.info,YES,instagram.info,instagram,rn (U+0072 U+006E) -> m (U+006D),Composite (ASCII)
instagrarn.org,YES,instagram.org,instagram,rn (U+0072 U+006E) -> m (U+006D),Composite (ASCII)
instagrarn.store,YES,instagram.store,instagram,rn (U+0072 U+006E) -> m (U+006D),Composite (ASCII)
instagrarn.top,YES,instagram.top,instagram,rn (U+0072 U+006E) -> m (U+006D),Composite (ASCII)
instagrarn.xyz,YES,instagram.xyz,instagram,rn (U+0072 U+006E) -> m (U+006D),Composite (ASCII)
instagrаm.biz,YES,instagram.biz,instagram,а (U+0430) -> a (U+0061),Single-Character
instagrаm.cc,YES,instagram.cc,instagram,а (U+0430) -> a (U+0061),Single-Character
instagrаm.click,YES,instagram.dick,instagram,а (U+0430) -> a (U+0061); cl (U+0063 U+006C) -> d (U+0064),Single-Character; Composite (ASCII)
instagrаm.co,YES,instagram.co,instagram,а (U+0430) -> a (U+0061),Single-Character
instagrаm.com,YES,instagram.com,instagram,а (U+0430) -> a (U+0061),Single-Character
instagrаm.info,YES,instagram.info,instagram,а (U+0430) -> a (U+0061),Single-Character
instagrаm.net,YES,instagram.net,instagram,а (U+0430) -> a (U+0061),Single-Character
instagrаm.online,YES,instagram.online,instagram,а (U+0430) -> a (U+0061),Single-Character
instagrаm.org,YES,instagram.org,instagram,а (U+0430) -> a (U+0061),Single-Character
instagrаm.top,YES,instagram.top,instagram,а (U+0430) -> a (U+0061),Single-Character
instagrаm.xyz,YES,instagram.xyz,instagram,а (U+0430) -> a (U+0061),Single-Character
instаgram.click,YES,instagram.dick,instagram,а (U+0430) -> a (U+0061); cl (U+0063 U+006C) -> d (U+0064),Single-Character; Composite (ASCII)
instаgram.co,YES,instagram.co,instagram,а (U+0430) -> a (U+0061),Single-Character
instаgram.com,YES,instagram.com,instagram,а (U+0430) -> a (U+0061),Single-Character
instаgram.info,YES,instagram.info,instagram,а (U+0430) -> a (U+0061),Single-Character
instаgram.net,YES,instagram.net,instagram,а (U+0430) -> a (U+0061),Single-Character
instаgram.online,YES,instagram.online,instagram,а (U+0430) -> a (U+0061),Single-Character
instаgram.org,YES,instagram.org,instagram,а (U+0430) -> a (U+0061),Single-Character
instаgram.store,YES,instagram.store,instagram,а (U+0430) -> a (U+0061),Single-Character
instаgram.vip,YES,instagram.vip,instagram,а (U+0430) -> a (U+0061),Single-Character
instаgram.xyz,YES,instagram.xyz,instagram,а (U+0430) -> a (U+0061),Single-Character
inѕtagram.biz,YES,instagram.biz,instagram,ѕ (U+0455) -> s (U+0073),Single-Character
inѕtagram.click,YES,instagram.dick,instagram,ѕ (U+0455) -> s (U+0073); cl (U+0063 U+006C) -> d (U+0064),Single-Character; Composite (ASCII)
inѕtagram.co,YES,instagram.co,instagram,ѕ (U+0455) -> s (U+0073),Single-Character
inѕtagram.info,YES,instagram.info,instagram,ѕ (U+0455) -> s (U+0073),Single-Character
inѕtagram.net,YES,instagram.net,instagram,ѕ (U+0455) -> s (U+0073),Single-Character
inѕtagram.online,YES,instagram.online,instagram,ѕ (U+0455) -> s (U+0073),Single-Character
inѕtagram.org,YES,instagram.org,instagram,ѕ (U+0455) -> s (U+0073),Single-Character
inѕtagram.site,YES,instagram.site,instagram,ѕ (U+0455) -> s (U+0073),Single-Character
inѕtagram.store,YES,instagram.store,instagram,ѕ (U+0455) -> s (U+0073),Single-Character
inѕtagram.top,YES,instagram.top,instagram,ѕ (U+0455) -> s (U+0073),Single-Character
inѕtagram.vip,YES,instagram.vip,instagram,ѕ (U+0455) -> s (U+0073),Single-Character
inѕtagram.xyz,YES,instagram.xyz,instagram,ѕ (U+0455) -> s (U+0073),Single-Character
krakèn.biz,YES,kraken.biz,kraken,,
krakèn.cc,YES,kraken.cc,kraken,,
krakèn.click,YES,kraken.dick,kraken,cl (U+0063 U+006C) -> d (U+0064),Composite (ASCII)
krakèn.com,YES,kraken.com,kraken,,
krakèn.info,YES,kraken.info,kraken,,
krakèn.net,YES,kraken.net,kraken,,
krakèn.online,YES,kraken.online,kraken,,
krakèn.org,YES,kraken.org,kraken,,
krakèn.site,YES,kraken.site,kraken,,
krakèn.store,YES,kraken.store,kraken,,
krakèn.vip,YES,kraken.vip,kraken,,
krakén.biz,YES,kraken.biz,kraken,é (U+00E9) -> e (U+0065),Single-Character
krakén.click,YES,kraken.dick,kraken,é (U+00E9) -> e (U+0065); cl (U+0063 U+006C) -> d (U+0064),Single-Character; Composite (ASCII)
krakén.co,YES,kraken.co,kraken,é (U+00E9) -> e (U+0065),Single-Character
krakén.info,YES,kraken.info,kraken,é (U+00E9) -> e (U+0065),Single-Character
krakén.net,YES,kraken.net,kraken,é (U+00E9) -> e (U+0065),Single-Character
krakén.online,YES,kraken.online,kraken,é (U+00E9) -> e (U+0065),Single-Character
krakén.org,YES,kraken.org,kraken,é (U+00E9) -> e (U+0065),Single-Character
krakén.site,YES,kraken.site,kraken,é (U+00E9) -> e (U+0065),Single-Character
krakén.top,YES,kraken.top,kraken,é (U+00E9) -> e (U+0065),Single-Character
krakén.vip,YES,kraken.vip,kraken,é (U+00E9) -> e (U+0065),Single-Character
krakén.xyz,YES,kraken.xyz,kraken,é (U+00E9) -> e (U+0065),Single-Character
krakеn.biz,YES,kraken.biz,kraken,е (U+0435) -> e (U+0065),Single-Character
krakеn.cc,YES,kraken.cc,kraken,е (U+0435) -> e (U+0065),Single-Character
krakеn.click,YES,kraken.dick,kraken,е (U+0435) -> e (U+0065); cl (U+0063 U+006C) -> d (U+0064),Single-Character; Composite (ASCII)
krakеn.co,YES,kraken.co,kraken,е (U+0435) -> e (U+0065),Single-Character
krakеn.com,YES,kraken.com,kraken,е (U+0435) -> e (U+0065),Single-Character
krakеn.net,YES,kraken.net,kraken,е (U+0435) -> e (U+0065),Single-Character
krakеn.online,YES,kraken.online,kraken,е (U+0435) -> e (U+0065),Single-Character
krakеn.site,YES,kraken.site,kraken,е (U+0435) -> e (U+0065),Single-Character
krakеn.store,YES,kraken.store,kraken,е (U+0435) -> e (U+0065),Single-Character
krakеn.top,YES,kraken.top,kraken,е (U+0435) -> e (U+0065),Single-Character
krakеn.xyz,YES,kraken.xyz,kraken,е (U+0435) -> e (U+0065),Single-Character
krаken.biz,YES,kraken.biz,kraken,а (U+0430) -> a (U+0061),Single-Character
krаken.cc,YES,kraken.cc,kraken,а (U+0430) -> a (U+0061),Single-Character
krаken.click,YES,kraken.dick,kraken,а (U+0430) -> a (U+0061); cl (U+0063 U+006C) -> d (U+0064),Single-Character; Composite (ASCII)
krаken.co,YES,kraken.co,kraken,а (U+0430) -> a (U+0061),Single-Character
krаken.com,YES,kraken.com,kraken,а (U+0430) -> a (U+0061),Single-Character
krаken.info,YES,kraken.info,kraken,а (U+0430) -> a (U+0061),Single-Character
krаken.net,YES,kraken.net,kraken,а (U+0430) -> a (U+0061),Single-Character
krаken.online,YES,kraken.online,kraken,а (U+0430) -> a (U+0061),Single-Character
krаken.org,YES,kraken.org,kraken,а (U+0430) -> a (U+0061),Single-Character
krаken.site,YES,kraken.site,kraken,а (U+0430) -> a (U+0061),Single-Character
krаken.store,YES,kraken.store,kraken,а (U+0430) -> a (U+0061),Single-Character
krаken.top,YES,kraken.top,kraken,а (U+0430) -> a (U+0061),Single-Character
krаken.vip,YES,kraken.vip,kraken,а (U+0430) -> a (U+0061),Single-Character
krаken.xyz,YES,kraken.xyz,kraken,а (U+0430) -> a (U+0061),Single-Character
leclger.cc,YES,ledger.cc,ledger,cl (U+0063 U+006C) -> d (U+0064),Composite (ASCII)
leclger.click,YES,ledger.dick,ledger,cl (U+0063 U+006C) -> d (U+0064); cl (U+0063 U+006C) -> d (U+0064),Composite (ASCII)
leclger.co,YES,ledger.co,ledger,cl (U+0063 U+006C) -> d (U+0064),Composite (ASCII)
leclger.com,YES,ledger.com,ledger,cl (U+0063 U+006C) -> d (U+0064),Composite (ASCII)
leclger.info,YES,ledger.info,ledger,cl (U+0063 U+006C) -> d (U+0064),Composite (ASCII)
leclger.net,YES,ledger.net,ledger,cl (U+0063 U+006C) -> d (U+0064),Composite (ASCII)
leclger.online,YES,ledger.online,ledger,cl (U+0063 U+006C) -> d (U+0064),Composite (ASCII)
leclger.org,YES,ledger.org,ledger,cl (U+0063 U+006C) -> d (U+0064),Composite (ASCII)
leclger.site,YES,ledger.site,ledger,cl (U+0063 U+006C) -> d (U+0064),Composite (ASCII)
leclger.store,YES,ledger.store,ledger,cl (U+0063 U+006C) -> d (U+0064),Composite (ASCII)
leclger.top,YES,ledger.top,ledger,cl (U+0063 U+006C) -> d (U+0064),Composite (ASCII)
leclger.vip,YES,ledger.vip,ledger,cl (U+0063 U+006C) -> d (U+0064),Composite (ASCII)
leclger.xyz,YES,ledger.xyz,ledger,cl (U+0063 U+006C) -> d (U+0064),Composite (ASCII)
ledgèr.biz,YES,ledger.biz,ledger,,
ledgèr.cc,YES,ledger.cc,ledger,,
ledgèr.co,YES,ledger.co,ledger,,
ledgèr.com,YES,ledger.com,ledger,,
ledgèr.net,YES,ledger.net,ledger,,
ledgèr.site,YES,ledger.site,ledger,,
ledgèr.store,YES,ledger.store,ledger,,
ledgèr.vip,YES,ledger.vip,ledger,,
ledgér.biz,YES,ledger.biz,ledger,é (U+00E9) -> e (U+0065),Single-Character
ledgér.cc,YES,ledger.cc,ledger,é (U+00E9) -> e (U+0065),Single-Character
ledgér.click,YES,ledger.dick,ledger,é (U+00E9) -> e (U+0065); cl (U+0063 U+006C) -> d (U+0064),Single-Character; Composite (ASCII)
ledgér.co,YES,ledger.co,ledger,é (U+00E9) -> e (U+0065),Single-Character
ledgér.site,YES,ledger.site,ledger,é (U+00E9) -> e (U+0065),Single-Character
ledgér.store,YES,ledger.store,ledger,é (U+00E9) -> e (U+0065),Single-Character
ledgér.top,YES,ledger.top,ledger,é (U+00E9) -> e (U+0065),Single-Character
ledgér.vip,YES,ledger.vip,ledger,é (U+00E9) -> e (U+0065),Single-Character
ledgеr.cc,YES,ledger.cc,ledger,е (U+0435) -> e (U+0065),Single-Character
ledgеr.click,YES,ledger.dick,ledger,е (U+0435) -> e (U+0065); cl (U+0063 U+006C) -> d (U+0064),Single-Character; Composite (ASCII)
ledgеr.co,YES,ledger.co,ledger,е (U+0435) -> e (U+0065),Single-Character
ledgеr.com,YES,ledger.com,ledger,е (U+0435) -> e (U+0065),Single-Character
ledgеr.info,YES,ledger.info,ledger,е (U+0435) -> e (U+0065),Single-Character
ledgеr.net,YES,ledger.net,ledger,е (U+0435) -> e (U+0065),Single-Character
ledgеr.site,YES,ledger.site,ledger,е (U+0435) -> e (U+0065),Single-Character
ledgеr.store,YES,ledger.store,ledger,е (U+0435) -> e (U+0065),Single-Character
ledgеr.top,YES,ledger.top,ledger,е (U+0435) -> e (U+0065),Single-Character
ledgеr.vip,YES,ledger.vip,ledger,е (U+0435) -> e (U+0065),Single-Character
linkeclin.biz,YES,linkedin.biz,linkedin,cl (U+0063 U+006C) -> d (U+0064),Composite (ASCII)
linkeclin.cc,YES,linkedin.cc,linkedin,cl (U+0063 U+006C) -> d (U+0064),Composite (ASCII)
linkeclin.click,YES,linkedin.dick,linkedin,cl (U+0063 U+006C) -> d (U+0064); cl (U+0063 U+006C) -> d (U+0064),Composite (ASCII)
linkeclin.co,YES,linkedin.co,linkedin,cl (U+0063 U+006C) -> d (U+0064),Composite (ASCII)
linkeclin.com,YES,linkedin.com,linkedin,cl (U+0063 U+006C) -> d (U+0064),Composite (ASCII)
linkeclin.info,YES,linkedin.info,linkedin,cl (U+0063 U+006C) -> d (U+0064),Composite (ASCII)
linkeclin.net,YES,linkedin.net,linkedin,cl (U+0063 U+006C) -> d (U+0064),Composite (ASCII)
linkeclin.online,YES,linkedin.online,linkedin,cl (U+0063 U+006C) -> d (U+0064),Composite (ASCII)
linkeclin.org,YES,linkedin.org,linkedin,cl (U+0063 U+006C) -> d (U+0064),Composite (ASCII)
linkeclin.site,YES,linkedin.site,linkedin,cl (U+0063 U+006C) -> d (U+0064),Composite (ASCII)
linkeclin.store,YES,linkedin.store,linkedin,cl (U+0063 U+006C) -> d (U+0064),Composite (ASCII)
linkeclin.top,YES,linkedin.top,linkedin,cl (U+0063 U+006C) -> d (U+0064),Composite (ASCII)
linkeclin.vip,YES,linkedin.vip,linkedin,cl (U+0063 U+006C) -> d (U+0064),Composite (ASCII)
linkeclin.xyz,YES,linkedin.xyz,linkedin,cl (U+0063 U+006C) -> d (U+0064),Composite (ASCII)
linkedın.biz,YES,linkedin.biz,linkedin,ı (U+0131) -> i (U+0069),Single-Character (Twin)
linkedın.cc,YES,linkedin.cc,linkedin,ı (U+0131) -> i (U+0069),Single-Character (Twin)
linkedın.co,YES,linkedin.co,linkedin,ı (U+0131) -> i (U+0069),Single-Character (Twin)
linkedın.info,YES,linkedin.info,linkedin,ı (U+0131) -> i (U+0069),Single-Character (Twin)
linkedın.org,YES,linkedin.org,linkedin,ı (U+0131) -> i (U+0069),Single-Character (Twin)
linkedın.store,YES,linkedin.store,linkedin,ı (U+0131) -> i (U+0069),Single-Character (Twin)
linkedın.top,YES,linkedin.top,linkedin,ı (U+0131) -> i (U+0069),Single-Character (Twin)
linkedın.vip,YES,linkedin.vip,linkedin,ı (U+0131) -> i (U+0069),Single-Character (Twin)
linkedın.xyz,YES,linkedin.xyz,linkedin,ı (U+0131) -> i (U+0069),Single-Character (Twin)
linkedіn.biz,YES,linkedin.biz,linkedin,і (U+0456) -> i (U+0069),Single-Character
linkedіn.cc,YES,linkedin.cc,linkedin,і (U+0456) -> i (U+0069),Single-Character
linkedіn.co,YES,linkedin.co,linkedin,і (U+0456) -> i (U+0069),Single-Character
linkedіn.com,YES,linkedin.com,linkedin,і (U+0456) -> i (U+0069),Single-Character
linkedіn.info,YES,linkedin.info,linkedin,і (U+0456) -> i (U+0069),Single-Character
linkedіn.net,YES,linkedin.net,linkedin,і (U+0456) -> i (U+0069),Single-Character
linkedіn.org,YES,linkedin.org,linkedin,і (U+0456) -> i (U+0069),Single-Character
linkedіn.site,YES,linkedin.site,linkedin,і (U+0456) -> i (U+0069),Single-Character
linkedіn.store,YES,linkedin.store,linkedin,і (U+0456) -> i (U+0069),Single-Character
linkedіn.vip,YES,linkedin.vip,linkedin,і (U+0456) -> i (U+0069),Single-Character
linkedіn.xyz,YES,linkedin.xyz,linkedin,і (U+0456) -> i (U+0069),Single-Character
linkèdin.biz,YES,linkedin.biz,linkedin,,
linkèdin.click,YES,linkedin.dick,linkedin,cl (U+0063 U+006C) -> d (U+0064),Composite (ASCII)
linkèdin.com,YES,linkedin.com,linkedin,,
linkèdin.online,YES,linkedin.online,linkedin,,
linkèdin.org,YES,linkedin.org,linkedin,,
linkèdin.store,YES,linkedin.store,linkedin,,
linkèdin.vip,YES,linkedin.vip,linkedin,,
linkèdin.xyz,YES,linkedin.xyz,linkedin,,
linkédin.com,YES,linkedin.com,linkedin,é (U+00E9) -> e (U+0065),Single-Character
linkédin.info,YES,linkedin.info,linkedin,é (U+00E9) -> e (U+0065),Single-Character
linkédin.net,YES,linkedin.net,linkedin,é (U+00E9) -> e (U+0065),Single-Character
linkédin.online,YES,linkedin.online,linkedin,é (U+00E9) -> e (U+0065),Single-Character
linkédin.site,YES,linkedin.site,linkedin,é (U+00E9) -> e (U+0065),Single-Character
linkédin.top,YES,linkedin.top,linkedin,é (U+00E9) -> e (U+0065),Single-Character
linkеdin.online,YES,linkedin.online,linkedin,е (U+0435) -> e (U+0065),Single-Character
linkеdin.org,YES,linkedin.org,linkedin,е (U+0435) -> e (U+0065),Single-Character
linkеdin.site,YES,linkedin.site,linkedin,е (U+0435) -> e (U+0065),Single-Character
linkеdin.xyz,YES,linkedin.xyz,linkedin,е (U+0435) -> e (U+0065),Single-Character
loinance.biz,YES,binance.biz,binance,lo (U+006C U+006F) -> b (U+0062),Composite (ASCII)
loinance.cc,YES,binance.cc,binance,lo (U+006C U+006F) -> b (U+0062),Composite (ASCII)
loinance.click,YES,binance.dick,binance,lo (U+006C U+006F) -> b (U+0062); cl (U+0063 U+006C) -> d (U+0064),Composite (ASCII)
loinance.co,YES,binance.co,binance,lo (U+006C U+006F) -> b (U+0062),Composite (ASCII)
loinance.com,YES,binance.com,binance,lo (U+006C U+006F) -> b (U+0062),Composite (ASCII)
loinance.info,YES,binance.info,binance,lo (U+006C U+006F) -> b (U+0062),Composite (ASCII)
loinance.net,YES,binance.net,binance,lo (U+006C U+006F) -> b (U+0062),Composite (ASCII)
loinance.online,YES,binance.online,binance,lo (U+006C U+006F) -> b (U+0062),Composite (ASCII)
loinance.org,YES,binance.org,binance,lo (U+006C U+006F) -> b (U+0062),Composite (ASCII)
loinance.store,YES,binance.store,binance,lo (U+006C U+006F) -> b (U+0062),Composite (ASCII)
loinance.top,YES,binance.top,binance,lo (U+006C U+006F) -> b (U+0062),Composite (ASCII)
loinance.xyz,YES,binance.xyz,binance,lo (U+006C U+006F) -> b (U+0062),Composite (ASCII)
lèdger.biz,YES,ledger.biz,ledger,,
lèdger.cc,YES,ledger.cc,ledger,,
lèdger.click,YES,ledger.dick,ledger,cl (U+0063 U+006C) -> d (U+0064),Composite (ASCII)
lèdger.online,YES,ledger.online,ledger,,
lèdger.org,YES,ledger.org,ledger,,
lèdger.site,YES,ledger.site,ledger,,
lèdger.store,YES,ledger.store,ledger,,
lèdger.top,YES,ledger.top,ledger,,
lèdger.xyz,YES,ledger.xyz,ledger,,
lédger.biz,YES,ledger.biz,ledger,é (U+00E9) -> e (U+0065),Single-Character
lédger.cc,YES,ledger.cc,ledger,é (U+00E9) -> e (U+0065),Single-Character
lédger.click,YES,ledger.dick,ledger,é (U+00E9) -> e (U+0065); cl (U+0063 U+006C) -> d (U+0064),Single-Character; Composite (ASCII)
lédger.com,YES,ledger.com,ledger,é (U+00E9) -> e (U+0065),Single-Character
lédger.info,YES,ledger.info,ledger,é (U+00E9) -> e (U+0065),Single-Character
lédger.net,YES,ledger.net,ledger,é (U+00E9) -> e (U+0065),Single-Character
lédger.online,YES,ledger.online,ledger,é (U+00E9) -> e (U+0065),Single-Character
lédger.site,YES,ledger.site,ledger,é (U+00E9) -> e (U+0065),Single-Character
lédger.vip,YES,ledger.vip,ledger,é (U+00E9) -> e (U+0065),Single-Character
lédger.xyz,YES,ledger.xyz,ledger,é (U+00E9) -> e (U+0065),Single-Character
lınkedin.biz,YES,linkedin.biz,linkedin,ı (U+0131) -> i (U+0069),Single-Character (Twin)
lınkedin.cc,YES,linkedin.cc,linkedin,ı (U+0131) -> i (U+0069),Single-Character (Twin)
lınkedin.click,YES,linkedin.dick,linkedin,ı (U+0131) -> i (U+0069); cl (U+0063 U+006C) -> d (U+0064),Single-Character (Twin); Composite (ASCII)
lınkedin.com,YES,linkedin.com,linkedin,ı (U+0131) -> i (U+0069),Single-Character (Twin)
lınkedin.info,YES,linkedin.info,linkedin,ı (U+0131) -> i (U+0069),Single-Character (Twin)
lınkedin.net,YES,linkedin.net,linkedin,ı (U+0131) -> i (U+0069),Single-Character (Twin)
lınkedin.site,YES,linkedin.site,linkedin,ı (U+0131) -> i (U+0069),Single-Character (Twin)
lınkedin.store,YES,linkedin.store,linkedin,ı (U+0131) -> i (U+0069),Single-Character (Twin)
lınkedin.vip,YES,linkedin.vip,linkedin,ı (U+0131) -> i (U+0069),Single-Character (Twin)
lеdger.co,YES,ledger.co,ledger,е (U+0435) -> e (U+0065),Single-Character
lеdger.com,YES,ledger.com,ledger,е (U+0435) -> e (U+0065),Single-Character
lеdger.net,YES,ledger.net,ledger,е (U+0435) -> e (U+0065),Single-Character
lеdger.online,YES,ledger.online,ledger,е (U+0435) -> e (U+0065),Single-Character
lеdger.site,YES,ledger.site,ledger,е (U+0435) -> e (U+0065),Single-Character
lеdger.store,YES,ledger.store,ledger,е (U+0435) -> e (U+0065),Single-Character
lеdger.vip,YES,ledger.vip,ledger,е (U+0435) -> e (U+0065),Single-Character
lеdger.xyz,YES,ledger.xyz,ledger,е (U+0435) -> e (U+0065),Single-Character
lіnkedin.biz,YES,linkedin.biz,linkedin,і (U+0456) -> i (U+0069),Single-Character
lіnkedin.cc,YES,linkedin.cc,linkedin,і (U+0456) -> i (U+0069),Single-Character
lіnkedin.co,YES,linkedin.co,linkedin,і (U+0456) -> i (U+0069),Single-Character
lіnkedin.info,YES,linkedin.info,linkedin,і (U+0456) -> i (U+0069),Single-Character
lіnkedin.online,YES,linkedin.online,linkedin,і (U+0456) -> i (U+0069),Single-Character
lіnkedin.org,YES,linkedin.org,linkedin,і (U+0456) -> i (U+0069),Single-Character
lіnkedin.site,YES,linkedin.site,linkedin,і (U+0456) -> i (U+0069),Single-Character
lіnkedin.top,YES,linkedin.top,linkedin,і (U+0456) -> i (U+0069),Single-Character
lіnkedin.vip,YES,linkedin.vip,linkedin,і (U+0456) -> i (U+0069),Single-Character
metamaѕk.biz,YES,metamask.biz,metamask,ѕ (U+0455) -> s (U+0073),Single-Character
metamaѕk.click,YES,metamask.dick,metamask,ѕ (U+0455) -> s (U+0073); cl (U+0063 U+006C) -> d (U+0064),Single-Character; Composite (ASCII)
metamaѕk.co,YES,metamask.co,metamask,ѕ (U+0455) -> s (U+0073),Single-Character
metamaѕk.com,YES,metamask.com,metamask,ѕ (U+0455) -> s (U+0073),Single-Character
metamaѕk.info,YES,metamask.info,metamask,ѕ (U+0455) -> s (U+0073),Single-Character
metamaѕk.net,YES,metamask.net,metamask,ѕ (U+0455) -> s (U+0073),Single-Character
metamaѕk.online,YES,metamask.online,metamask,ѕ (U+0455) -> s (U+0073),Single-Character
metamaѕk.org,YES,metamask.org,metamask,ѕ (U+0455) -> s (U+0073),Single-Character
metamaѕk.site,YES,metamask.site,metamask,ѕ (U+0455) -> s (U+0073),Single-Character
metamaѕk.store,YES,metamask.store,metamask,ѕ (U+0455) -> s (U+0073),Single-Character
metamaѕk.top,YES,metamask.top,metamask,ѕ (U+0455) -> s (U+0073),Single-Character
metamaѕk.vip,YES,metamask.vip,metamask,ѕ (U+0455) -> s (U+0073),Single-Character
metamаsk.biz,YES,metamask.biz,metamask,а (U+0430) -> a (U+0061),Single-Character
metamаsk.cc,YES,metamask.cc,metamask,а (U+0430) -> a (U+0061),Single-Character
metamаsk.click,YES,metamask.dick,metamask,а (U+0430) -> a (U+0061); cl (U+0063 U+006C) -> d (U+0064),Single-Character; Composite (ASCII)
metamаsk.co,YES,metamask.co,metamask,а (U+0430) -> a (U+0061),Single-Character
metamаsk.com,YES,metamask.com,metamask,а (U+0430) -> a (U+0061),Single-Character
metamаsk.info,YES,metamask.info,metamask,а (U+0430) -> a (U+0061),Single-Character
metamаsk.net,YES,metamask.net,metamask,а (U+0430) -> a (U+0061),Single-Character
metamаsk.online,YES,metamask.online,metamask,а (U+0430) -> a (U+0061),Single-Character
metamаsk.site,YES,metamask.site,metamask,а (U+0430) -> a (U+0061),Single-Character
metamаsk.store,YES,metamask.store,metamask,а (U+0430) -> a (U+0061),Single-Character
metamаsk.top,YES,metamask.top,metamask,а (U+0430) -> a (U+0061),Single-Character
metamаsk.vip,YES,metamask.vip,metamask,а (U+0430) -> a (U+0061),Single-Character
metamаsk.xyz,YES,metamask.xyz,metamask,а (U+0430) -> a (U+0061),Single-Character
metarnask.biz,YES,metamask.biz,metamask,rn (U+0072 U+006E) -> m (U+006D),Composite (ASCII)
metarnask.com,YES,metamask.com,metamask,rn (U+0072 U+006E) -> m (U+006D),Composite (ASCII)
metarnask.info,YES,metamask.info,metamask,rn (U+0072 U+006E) -> m (U+006D),Composite (ASCII)
metarnask.net,YES,metamask.net,metamask,rn (U+0072 U+006E) -> m (U+006D),Composite (ASCII)
metarnask.online,YES,metamask.online,metamask,rn (U+0072 U+006E) -> m (U+006D),Composite (ASCII)
metarnask.org,YES,metamask.org,metamask,rn (U+0072 U+006E) -> m (U+006D),Composite (ASCII)
metarnask.site,YES,metamask.site,metamask,rn (U+0072 U+006E) -> m (U+006D),Composite (ASCII)
metarnask.store,YES,metamask.store,metamask,rn (U+0072 U+006E) -> m (U+006D),Composite (ASCII)
metarnask.top,YES,metamask.top,metamask,rn (U+0072 U+006E) -> m (U+006D),Composite (ASCII)
metarnask.vip,YES,metamask.vip,metamask,rn (U+0072 U+006E) -> m (U+006D),Composite (ASCII)
metarnask.xyz,YES,metamask.xyz,metamask,rn (U+0072 U+006E) -> m (U+006D),Composite (ASCII)
metаmask.biz,YES,metamask.biz,metamask,а (U+0430) -> a (U+0061),Single-Character
metаmask.cc,YES,metamask.cc,metamask,а (U+0430) -> a (U+0061),Single-Character
metаmask.click,YES,metamask.dick,metamask,а (U+0430) -> a (U+0061); cl (U+0063 U+006C) -> d (U+0064),Single-Character; Composite (ASCII)
metаmask.co,YES,metamask.co,metamask,а (U+0430) -> a (U+0061),Single-Character
metаmask.com,YES,metamask.com,metamask,а (U+0430) -> a (U+0061),Single-Character
metаmask.info,YES,metamask.info,metamask,а (U+0430) -> a (U+0061),Single-Character
metаmask.net,YES,metamask.net,metamask,а (U+0430) -> a (U+0061),Single-Character
metаmask.online,YES,metamask.online,metamask,а (U+0430) -> a (U+0061),Single-Character
metаmask.org,YES,metamask.org,metamask,а (U+0430) -> a (U+0061),Single-Character
metаmask.site,YES,metamask.site,metamask,а (U+0430) -> a (U+0061),Single-Character
metаmask.store,YES,metamask.store,metamask,а (U+0430) -> a (U+0061),Single-Character
metаmask.top,YES,metamask.top,metamask,а (U+0430) -> a (U+0061),Single-Character
metаmask.vip,YES,metamask.vip,metamask,а (U+0430) -> a (U+0061),Single-Character
metаmask.xyz,YES,metamask.xyz,metamask,а (U+0430) -> a (U+0061),Single-Character
microsоft.cc,YES,microsoft.cc,microsoft,о (U+043E) -> o (U+006F),Single-Character
microsоft.com,YES,microsoft.com,microsoft,о (U+043E) -> o (U+006F),Single-Character
microsоft.net,YES,microsoft.net,microsoft,о (U+043E) -> o (U+006F),Single-Character
microsоft.online,YES,microsoft.online,microsoft,о (U+043E) -> o (U+006F),Single-Character
microsоft.site,YES,microsoft.site,microsoft,о (U+043E) -> o (U+006F),Single-Character
microsоft.top,YES,microsoft.top,microsoft,о (U+043E) -> o (U+006F),Single-Character
microsоft.vip,YES,microsoft.vip,microsoft,о (U+043E) -> o (U+006F),Single-Character
microsօft.co,YES,microsoft.co,microsoft,օ (U+0585) -> o (U+006F),Single-Character
microsօft.com,YES,microsoft.com,microsoft,օ (U+0585) -> o (U+006F),Single-Character
microsօft.info,YES,microsoft.info,microsoft,օ (U+0585) -> o (U+006F),Single-Character
microsօft.org,YES,microsoft.org,microsoft,օ (U+0585) -> o (U+006F),Single-Character
microsօft.site,YES,microsoft.site,microsoft,օ (U+0585) -> o (U+006F),Single-Character
microsօft.store,YES,microsoft.store,microsoft,օ (U+0585) -> o (U+006F),Single-Character
microsօft.top,YES,microsoft.top,microsoft,օ (U+0585) -> o (U+006F),Single-Character
micros໐ft.cc,YES,microsoft.cc,microsoft,໐ (U+0ED0) -> o (U+006F),Single-Character
micros໐ft.org,YES,microsoft.org,microsoft,໐ (U+0ED0) -> o (U+006F),Single-Character
micros໐ft.site,YES,microsoft.site,microsoft,໐ (U+0ED0) -> o (U+006F),Single-Character
micros໐ft.vip,YES,microsoft.vip,microsoft,໐ (U+0ED0) -> o (U+006F),Single-Character
microѕoft.biz,YES,microsoft.biz,microsoft,ѕ (U+0455) -> s (U+0073),Single-Character
microѕoft.cc,YES,microsoft.cc,microsoft,ѕ (U+0455) -> s (U+0073),Single-Character
microѕoft.click,YES,microsoft.dick,microsoft,ѕ (U+0455) -> s (U+0073); cl (U+0063 U+006C) -> d (U+0064),Single-Character; Composite (ASCII)
microѕoft.co,YES,microsoft.co,microsoft,ѕ (U+0455) -> s (U+0073),Single-Character
microѕoft.com,YES,microsoft.com,microsoft,ѕ (U+0455) -> s (U+0073),Single-Character
microѕoft.info,YES,microsoft.info,microsoft,ѕ (U+0455) -> s (U+0073),Single-Character
microѕoft.net,YES,microsoft.net,microsoft,ѕ (U+0455) -> s (U+0073),Single-Character
microѕoft.online,YES,microsoft.online,microsoft,ѕ (U+0455) -> s (U+0073),Single-Character
microѕoft.store,YES,microsoft.store,microsoft,ѕ (U+0455) -> s (U+0073),Single-Character
microѕoft.top,YES,microsoft.top,microsoft,ѕ (U+0455) -> s (U+0073),Single-Character
microѕoft.vip,YES,microsoft.vip,microsoft,ѕ (U+0455) -> s (U+0073),Single-Character
micrоsoft.biz,YES,microsoft.biz,microsoft,о (U+043E) -> o (U+006F),Single-Character
micrоsoft.cc,YES,microsoft.cc,microsoft,о (U+043E) -> o (U+006F),Single-Character
micrоsoft.co,YES,microsoft.co,microsoft,о (U+043E) -> o (U+006F),Single-Character
micrоsoft.com,YES,microsoft.com,microsoft,о (U+043E) -> o (U+006F),Single-Character
micrоsoft.info,YES,microsoft.info,microsoft,о (U+043E) -> o (U+006F),Single-Character
micrоsoft.net,YES,microsoft.net,microsoft,о (U+043E) -> o (U+006F),Single-Character
micrоsoft.online,YES,microsoft.online,microsoft,о (U+043E) -> o (U+006F),Single-Character
micrօsoft.click,YES,microsoft.dick,microsoft,օ (U+0585) -> o (U+006F); cl (U+0063 U+006C) -> d (U+0064),Single-Character; Composite (ASCII)
micrօsoft.co,YES,microsoft.co,microsoft,օ (U+0585) -> o (U+006F),Single-Character
micrօsoft.store,YES,microsoft.store,microsoft,օ (U+0585) -> o (U+006F),Single-Character
micrօsoft.xyz,YES,microsoft.xyz,microsoft,օ (U+0585) -> o (U+006F),Single-Character
micr໐soft.co,YES,microsoft.co,microsoft,໐ (U+0ED0) -> o (U+006F),Single-Character
micr໐soft.com,YES,microsoft.com,microsoft,໐ (U+0ED0) -> o (U+006F),Single-Character
micr໐soft.info,YES,microsoft.info,microsoft,໐ (U+0ED0) -> o (U+006F),Single-Character
micr໐soft.net,YES,microsoft.net,microsoft,໐ (U+0ED0) -> o (U+006F),Single-Character
micr໐soft.store,YES,microsoft.store,microsoft,໐ (U+0ED0) -> o (U+006F),Single-Character
micr໐soft.vip,YES,microsoft.vip,microsoft,໐ (U+0ED0) -> o (U+006F),Single-Character
miсrosoft.cc,YES,microsoft.cc,microsoft,с (U+0441) -> c (U+0063),Single-Character
miсrosoft.click,YES,microsoft.dick,microsoft,с (U+0441) -> c (U+0063); cl (U+0063 U+006C) -> d (U+0064),Single-Character; Composite (ASCII)
miсrosoft.co,YES,microsoft.co,microsoft,с (U+0441) -> c (U+0063),Single-Character
miсrosoft.info,YES,microsoft.info,microsoft,с (U+0441) -> c (U+0063),Single-Character
miсrosoft.site,YES,microsoft.site,microsoft,с (U+0441) -> c (U+0063),Single-Character
miсrosoft.store,YES,microsoft.store,microsoft,с (U+0441) -> c (U+0063),Single-Character
miсrosoft.top,YES,microsoft.top,microsoft,с (U+0441) -> c (U+0063),Single-Character
miсrosoft.vip,YES,microsoft.vip,microsoft,с (U+0441) -> c (U+0063),Single-Character
miсrosoft.xyz,YES,microsoft.xyz,microsoft,с (U+0441) -> c (U+0063),Single-Character
miⲥrosoft.biz,YES,microsoft.biz,microsoft,ⲥ (U+2CA5) -> c (U+0063),Single-Character
miⲥrosoft.click,YES,microsoft.dick,microsoft,ⲥ (U+2CA5) -> c (U+0063); cl (U+0063 U+006C) -> d (U+0064),Single-Character; Composite (ASCII)
miⲥrosoft.co,YES,microsoft.co,microsoft,ⲥ (U+2CA5) -> c (U+0063),Single-Character
miⲥrosoft.com,YES,microsoft.com,microsoft,ⲥ (U+2CA5) -> c (U+0063),Single-Character
miⲥrosoft.info,YES,microsoft.info,microsoft,ⲥ (U+2CA5) -> c (U+0063),Single-Character
miⲥrosoft.net,YES,microsoft.net,microsoft,ⲥ (U+2CA5) -> c (U+0063),Single-Character
miⲥrosoft.online,YES,microsoft.online,microsoft,ⲥ (U+2CA5) -> c (U+0063),Single-Character
miⲥrosoft.org,YES,microsoft.org,microsoft,ⲥ (U+2CA5) -> c (U+0063),Single-Character
miⲥrosoft.site,YES,microsoft.site,microsoft,ⲥ (U+2CA5) -> c (U+0063),Single-Character
miⲥrosoft.store,YES,microsoft.store,microsoft,ⲥ (U+2CA5) -> c (U+0063),Single-Character
miⲥrosoft.top,YES,microsoft.top,microsoft,ⲥ (U+2CA5) -> c (U+0063),Single-Character
miⲥrosoft.vip,YES,microsoft.vip,microsoft,ⲥ (U+2CA5) -> c (U+0063),Single-Character
mullvacl.biz,YES,mullvad.biz,mullvad,cl (U+0063 U+006C) -> d (U+0064),Composite (ASCII)
mullvacl.click,YES,mullvad.dick,mullvad,cl (U+0063 U+006C) -> d (U+0064); cl (U+0063 U+006C) -> d (U+0064),Composite (ASCII)
mullvacl.co,YES,mullvad.co,mullvad,cl (U+0063 U+006C) -> d (U+0064),Composite (ASCII)
mullvacl.com,YES,mullvad.com,mullvad,cl (U+0063 U+006C) -> d (U+0064),Composite (ASCII)
mullvacl.info,YES,mullvad.info,mullvad,cl (U+0063 U+006C) -> d (U+0064),Composite (ASCII)
mullvacl.net,YES,mullvad.net,mullvad,cl (U+0063 U+006C) -> d (U+0064),Composite (ASCII)
mullvacl.online,YES,mullvad.online,mullvad,cl (U+0063 U+006C) -> d (U+0064),Composite (ASCII)
mullvacl.org,YES,mullvad.org,mullvad,cl (U+0063 U+006C) -> d (U+0064),Composite (ASCII)
mullvacl.site,YES,mullvad.site,mullvad,cl (U+0063 U+006C) -> d (U+0064),Composite (ASCII)
mullvacl.store,YES,mullvad.store,mullvad,cl (U+0063 U+006C) -> d (U+0064),Composite (ASCII)
mullvacl.top,YES,mullvad.top,mullvad,cl (U+0063 U+006C) -> d (U+0064),Composite (ASCII)
mullvacl.vip,YES,mullvad.vip,mullvad,cl (U+0063 U+006C) -> d (U+0064),Composite (ASCII)
mullvacl.xyz,YES,mullvad.xyz,mullvad,cl (U+0063 U+006C) -> d (U+0064),Composite (ASCII)
mullvаd.biz,YES,mullvad.biz,mullvad,а (U+0430) -> a (U+0061),Single-Character
mullvаd.cc,YES,mullvad.cc,mullvad,а (U+0430) -> a (U+0061),Single-Character
mullvаd.click,YES,mullvad.dick,mullvad,а (U+0430) -> a (U+0061); cl (U+0063 U+006C) -> d (U+0064),Single-Character; Composite (ASCII)
mullvаd.co,YES,mullvad.co,mullvad,а (U+0430) -> a (U+0061),Single-Character
mullvаd.com,YES,mullvad.com,mullvad,а (U+0430) -> a (U+0061),Single-Character
mullvаd.info,YES,mullvad.info,mullvad,а (U+0430) -> a (U+0061),Single-Character
mullvаd.net,YES,mullvad.net,mullvad,а (U+0430) -> a (U+0061),Single-Character
mullvаd.online,YES,mullvad.online,mullvad,а (U+0430) -> a (U+0061),Single-Character
mullvаd.org,YES,mullvad.org,mullvad,а (U+0430) -> a (U+0061),Single-Character
mullvаd.site,YES,mullvad.site,mullvad,а (U+0430) -> a (U+0061),Single-Character
mullvаd.store,YES,mullvad.store,mullvad,а (U+0430) -> a (U+0061),Single-Character
mullvаd.top,YES,mullvad.top,mullvad,а (U+0430) -> a (U+0061),Single-Character
mullvаd.vip,YES,mullvad.vip,mullvad,а (U+0430) -> a (U+0061),Single-Character
mullvаd.xyz,YES,mullvad.xyz,mullvad,а (U+0430) -> a (U+0061),Single-Character
mètamask.co,YES,metamask.co,metamask,,
mètamask.com,YES,metamask.com,metamask,,
mètamask.xyz,YES,metamask.xyz,metamask,,
métamask.net,YES,metamask.net,metamask,é (U+00E9) -> e (U+0065),Single-Character
métamask.online,YES,metamask.online,metamask,é (U+00E9) -> e (U+0065),Single-Character
métamask.site,YES,metamask.site,metamask,é (U+00E9) -> e (U+0065),Single-Character
métamask.store,YES,metamask.store,metamask,é (U+00E9) -> e (U+0065),Single-Character
métamask.top,YES,metamask.top,metamask,é (U+00E9) -> e (U+0065),Single-Character
mıcrosoft.cc,YES,microsoft.cc,microsoft,ı (U+0131) -> i (U+0069),Single-Character (Twin)
mıcrosoft.com,YES,microsoft.com,microsoft,ı (U+0131) -> i (U+0069),Single-Character (Twin)
mıcrosoft.info,YES,microsoft.info,microsoft,ı (U+0131) -> i (U+0069),Single-Character (Twin)
mıcrosoft.online,YES,microsoft.online,microsoft,ı (U+0131) -> i (U+0069),Single-Character (Twin)
mıcrosoft.site,YES,microsoft.site,microsoft,ı (U+0131) -> i (U+0069),Single-Character (Twin)
mıcrosoft.store,YES,microsoft.store,microsoft,ı (U+0131) -> i (U+0069),Single-Character (Twin)
mıcrosoft.top,YES,microsoft.top,microsoft,ı (U+0131) -> i (U+0069),Single-Character (Twin)
mеtamask.biz,YES,metamask.biz,metamask,е (U+0435) -> e (U+0065),Single-Character
mеtamask.cc,YES,metamask.cc,metamask,е (U+0435) -> e (U+0065),Single-Character
mеtamask.com,YES,metamask.com,metamask,е (U+0435) -> e (U+0065),Single-Character
mіcrosoft.biz,YES,microsoft.biz,microsoft,і (U+0456) -> i (U+0069),Single-Character
mіcrosoft.cc,YES,microsoft.cc,microsoft,і (U+0456) -> i (U+0069),Single-Character
mіcrosoft.click,YES,microsoft.dick,microsoft,і (U+0456) -> i (U+0069); cl (U+0063 U+006C) -> d (U+0064),Single-Character; Composite (ASCII)
mіcrosoft.com,YES,microsoft.com,microsoft,і (U+0456) -> i (U+0069),Single-Character
mіcrosoft.net,YES,microsoft.net,microsoft,і (U+0456) -> i (U+0069),Single-Character
mіcrosoft.org,YES,microsoft.org,microsoft,і (U+0456) -> i (U+0069),Single-Character
mіcrosoft.site,YES,microsoft.site,microsoft,і (U+0456) -> i (U+0069),Single-Character
mіcrosoft.store,YES,microsoft.store,microsoft,і (U+0456) -> i (U+0069),Single-Character
mіcrosoft.vip,YES,microsoft.vip,microsoft,і (U+0456) -> i (U+0069),Single-Character
mіcrosoft.xyz,YES,microsoft.xyz,microsoft,і (U+0456) -> i (U+0069),Single-Character
netfliх.biz,YES,netflix.biz,netflix,х (U+0445) -> x (U+0078),Single-Character
netfliх.cc,YES,netflix.cc,netflix,х (U+0445) -> x (U+0078),Single-Character
netfliх.click,YES,netflix.dick,netflix,х (U+0445) -> x (U+0078); cl (U+0063 U+006C) -> d (U+0064),Single-Character; Composite (ASCII)
netfliх.co,YES,netflix.co,netflix,х (U+0445) -> x (U+0078),Single-Character
netfliх.com,YES,netflix.com,netflix,х (U+0445) -> x (U+0078),Single-Character
netfliх.info,YES,netflix.info,netflix,х (U+0445) -> x (U+0078),Single-Character
netfliх.net,YES,netflix.net,netflix,х (U+0445) -> x (U+0078),Single-Character
netfliх.online,YES,netflix.online,netflix,х (U+0445) -> x (U+0078),Single-Character
netfliх.org,YES,netflix.org,netflix,х (U+0445) -> x (U+0078),Single-Character
netfliх.site,YES,netflix.site,netflix,х (U+0445) -> x (U+0078),Single-Character
netfliх.store,YES,netflix.store,netflix,х (U+0445) -> x (U+0078),Single-Character
netfliх.vip,YES,netflix.vip,netflix,х (U+0445) -> x (U+0078),Single-Character
netfliх.xyz,YES,netflix.xyz,netflix,х (U+0445) -> x (U+0078),Single-Character
netflıx.com,YES,netflix.com,netflix,ı (U+0131) -> i (U+0069),Single-Character (Twin)
netflıx.net,YES,netflix.net,netflix,ı (U+0131) -> i (U+0069),Single-Character (Twin)
netflıx.online,YES,netflix.online,netflix,ı (U+0131) -> i (U+0069),Single-Character (Twin)
netflıx.org,YES,netflix.org,netflix,ı (U+0131) -> i (U+0069),Single-Character (Twin)
netflıx.site,YES,netflix.site,netflix,ı (U+0131) -> i (U+0069),Single-Character (Twin)
netflıx.store,YES,netflix.store,netflix,ı (U+0131) -> i (U+0069),Single-Character (Twin)
netflıx.xyz,YES,netflix.xyz,netflix,ı (U+0131) -> i (U+0069),Single-Character (Twin)
netflіx.biz,YES,netflix.biz,netflix,і (U+0456) -> i (U+0069),Single-Character
netflіx.cc,YES,netflix.cc,netflix,і (U+0456) -> i (U+0069),Single-Character
netflіx.click,YES,netflix.dick,netflix,і (U+0456) -> i (U+0069); cl (U+0063 U+006C) -> d (U+0064),Single-Character; Composite (ASCII)
netflіx.co,YES,netflix.co,netflix,і (U+0456) -> i (U+0069),Single-Character
netflіx.com,YES,netflix.com,netflix,і (U+0456) -> i (U+0069),Single-Character
netflіx.net,YES,netflix.net,netflix,і (U+0456) -> i (U+0069),Single-Character
netflіx.online,YES,netflix.online,netflix,і (U+0456) -> i (U+0069),Single-Character
netflіx.org,YES,netflix.org,netflix,і (U+0456) -> i (U+0069),Single-Character
netflіx.site,YES,netflix.site,netflix,і (U+0456) -> i (U+0069),Single-Character
netflіx.store,YES,netflix.store,netflix,і (U+0456) -> i (U+0069),Single-Character
netflіx.vip,YES,netflix.vip,netflix,і (U+0456) -> i (U+0069),Single-Character
nètflix.biz,YES,netflix.biz,netflix,,
nètflix.cc,YES,netflix.cc,netflix,,
nètflix.click,YES,netflix.dick,netflix,cl (U+0063 U+006C) -> d (U+0064),Composite (ASCII)
nètflix.co,YES,netflix.co,netflix,,
nètflix.com,YES,netflix.com,netflix,,
nètflix.info,YES,netflix.info,netflix,,
nètflix.net,YES,netflix.net,netflix,,
nètflix.online,YES,netflix.online,netflix,,
nètflix.org,YES,netflix.org,netflix,,
nètflix.site,YES,netflix.site,netflix,,
nètflix.top,YES,netflix.top,netflix,,
nètflix.vip,YES,netflix.vip,netflix,,
nètflix.xyz,YES,netflix.xyz,netflix,,
nétflix.biz,YES,netflix.biz,netflix,é (U+00E9) -> e (U+0065),Single-Character
nétflix.cc,YES,netflix.cc,netflix,é (U+00E9) -> e (U+0065),Single-Character
nétflix.click,YES,netflix.dick,netflix,é (U+00E9) -> e (U+0065); cl (U+0063 U+006C) -> d (U+0064),Single-Character; Composite (ASCII)
nétflix.org,YES,netflix.org,netflix,é (U+00E9) -> e (U+0065),Single-Character
nétflix.site,YES,netflix.site,netflix,é (U+00E9) -> e (U+0065),Single-Character
nétflix.store,YES,netflix.store,netflix,é (U+00E9) -> e (U+0065),Single-Character
nétflix.vip,YES,netflix.vip,netflix,é (U+00E9) -> e (U+0065),Single-Character
nétflix.xyz,YES,netflix.xyz,netflix,é (U+00E9) -> e (U+0065),Single-Character
nеtflix.cc,YES,netflix.cc,netflix,е (U+0435) -> e (U+0065),Single-Character
nеtflix.click,YES,netflix.dick,netflix,е (U+0435) -> e (U+0065); cl (U+0063 U+006C) -> d (U+0064),Single-Character; Composite (ASCII)
nеtflix.com,YES,netflix.com,netflix,е (U+0435) -> e (U+0065),Single-Character
nеtflix.info,YES,netflix.info,netflix,е (U+0435) -> e (U+0065),Single-Character
nеtflix.net,YES,netflix.net,netflix,е (U+0435) -> e (U+0065),Single-Character
nеtflix.online,YES,netflix.online,netflix,е (U+0435) -> e (U+0065),Single-Character
nеtflix.site,YES,netflix.site,netflix,е (U+0435) -> e (U+0065),Single-Character
nеtflix.store,YES,netflix.store,netflix,е (U+0435) -> e (U+0065),Single-Character
nеtflix.vip,YES,netflix.vip,netflix,е (U+0435) -> e (U+0065),Single-Character
nеtflix.xyz,YES,netflix.xyz,netflix,е (U+0435) -> e (U+0065),Single-Character
outloоk.cc,YES,outbok.cc,,lo (U+006C U+006F) -> b (U+0062); о (U+043E) -> o (U+006F),Single-Character; Composite (ASCII)
outloоk.click,YES,outbok.dick,,lo (U+006C U+006F) -> b (U+0062); о (U+043E) -> o (U+006F); cl (U+0063 U+006C) -> d (U+0064),Single-Character; Composite (ASCII)
outloоk.co,YES,outbok.co,,lo (U+006C U+006F) -> b (U+0062); о (U+043E) -> o (U+006F),Single-Character; Composite (ASCII)
outloоk.online,YES,outbok.online,,lo (U+006C U+006F) -> b (U+0062); о (U+043E) -> o (U+006F),Single-Character; Composite (ASCII)
outloоk.org,YES,outbok.org,,lo (U+006C U+006F) -> b (U+0062); о (U+043E) -> o (U+006F),Single-Character; Composite (ASCII)
outloоk.site,YES,outbok.site,,lo (U+006C U+006F) -> b (U+0062); о (U+043E) -> o (U+006F),Single-Character; Composite (ASCII)
outloоk.store,YES,outbok.store,,lo (U+006C U+006F) -> b (U+0062); о (U+043E) -> o (U+006F),Single-Character; Composite (ASCII)
outloоk.top,YES,outbok.top,,lo (U+006C U+006F) -> b (U+0062); о (U+043E) -> o (U+006F),Single-Character; Composite (ASCII)
outloоk.xyz,YES,outbok.xyz,,lo (U+006C U+006F) -> b (U+0062); о (U+043E) -> o (U+006F),Single-Character; Composite (ASCII)
outloօk.cc,YES,outbok.cc,,lo (U+006C U+006F) -> b (U+0062); օ (U+0585) -> o (U+006F),Single-Character; Composite (ASCII)
outloօk.co,YES,outbok.co,,lo (U+006C U+006F) -> b (U+0062); օ (U+0585) -> o (U+006F),Single-Character; Composite (ASCII)
outloօk.com,YES,outbok.com,,lo (U+006C U+006F) -> b (U+0062); օ (U+0585) -> o (U+006F),Single-Character; Composite (ASCII)
outloօk.info,YES,outbok.info,,lo (U+006C U+006F) -> b (U+0062); օ (U+0585) -> o (U+006F),Single-Character; Composite (ASCII)
outloօk.net,YES,outbok.net,,lo (U+006C U+006F) -> b (U+0062); օ (U+0585) -> o (U+006F),Single-Character; Composite (ASCII)
outloօk.org,YES,outbok.org,,lo (U+006C U+006F) -> b (U+0062); օ (U+0585) -> o (U+006F),Single-Character; Composite (ASCII)
outloօk.site,YES,outbok.site,,lo (U+006C U+006F) -> b (U+0062); օ (U+0585) -> o (U+006F),Single-Character; Composite (ASCII)
outloօk.store,YES,outbok.store,,lo (U+006C U+006F) -> b (U+0062); օ (U+0585) -> o (U+006F),Single-Character; Composite (ASCII)
outloօk.vip,YES,outbok.vip,,lo (U+006C U+006F) -> b (U+0062); օ (U+0585) -> o (U+006F),Single-Character; Composite (ASCII)
outlo໐k.cc,YES,outbok.cc,,lo (U+006C U+006F) -> b (U+0062); ໐ (U+0ED0) -> o (U+006F),Single-Character; Composite (ASCII)
outlo໐k.click,YES,outbok.dick,,lo (U+006C U+006F) -> b (U+0062); ໐ (U+0ED0) -> o (U+006F); cl (U+0063 U+006C) -> d (U+0064),Single-Character; Composite (ASCII)
outlo໐k.com,YES,outbok.com,,lo (U+006C U+006F) -> b (U+0062); ໐ (U+0ED0) -> o (U+006F),Single-Character; Composite (ASCII)
outlo໐k.info,YES,outbok.info,,lo (U+006C U+006F) -> b (U+0062); ໐ (U+0ED0) -> o (U+006F),Single-Character; Composite (ASCII)
outlo໐k.net,YES,outbok.net,,lo (U+006C U+006F) -> b (U+0062); ໐ (U+0ED0) -> o (U+006F),Single-Character; Composite (ASCII)
outlo໐k.online,YES,outbok.online,,lo (U+006C U+006F) -> b (U+0062); ໐ (U+0ED0) -> o (U+006F),Single-Character; Composite (ASCII)
outlo໐k.site,YES,outbok.site,,lo (U+006C U+006F) -> b (U+0062); ໐ (U+0ED0) -> o (U+006F),Single-Character; Composite (ASCII)
outlo໐k.top,YES,outbok.top,,lo (U+006C U+006F) -> b (U+0062); ໐ (U+0ED0) -> o (U+006F),Single-Character; Composite (ASCII)
outlo໐k.vip,YES,outbok.vip,,lo (U+006C U+006F) -> b (U+0062); ໐ (U+0ED0) -> o (U+006F),Single-Character; Composite (ASCII)
outlоok.biz,YES,outlook.biz,outlook,о (U+043E) -> o (U+006F),Single-Character
outlоok.cc,YES,outlook.cc,outlook,о (U+043E) -> o (U+006F),Single-Character
outlоok.click,YES,outlook.dick,outlook,о (U+043E) -> o (U+006F); cl (U+0063 U+006C) -> d (U+0064),Single-Character; Composite (ASCII)
outlоok.co,YES,outlook.co,outlook,о (U+043E) -> o (U+006F),Single-Character
outlоok.com,YES,outlook.com,outlook,о (U+043E) -> o (U+006F),Single-Character
outlоok.info,YES,outlook.info,outlook,о (U+043E) -> o (U+006F),Single-Character
outlоok.net,YES,outlook.net,outlook,о (U+043E) -> o (U+006F),Single-Character
outlоok.online,YES,outlook.online,outlook,о (U+043E) -> o (U+006F),Single-Character
outlоok.org,YES,outlook.org,outlook,о (U+043E) -> o (U+006F),Single-Character
outlоok.store,YES,outlook.store,outlook,о (U+043E) -> o (U+006F),Single-Character
outlоok.top,YES,outlook.top,outlook,о (U+043E) -> o (U+006F),Single-Character
outlоok.xyz,YES,outlook.xyz,outlook,о (U+043E) -> o (U+006F),Single-Character
outlօok.biz,YES,outlook.biz,outlook,օ (U+0585) -> o (U+006F),Single-Character
outlօok.com,YES,outlook.com,outlook,օ (U+0585) -> o (U+006F),Single-Character
outlօok.info,YES,outlook.info,outlook,օ (U+0585) -> o (U+006F),Single-Character
outlօok.online,YES,outlook.online,outlook,օ (U+0585) -> o (U+006F),Single-Character
outlօok.org,YES,outlook.org,outlook,օ (U+0585) -> o (U+006F),Single-Character
outlօok.site,YES,outlook.site,outlook,օ (U+0585) -> o (U+006F),Single-Character
outlօok.store,YES,outlook.store,outlook,օ (U+0585) -> o (U+006F),Single-Character
outlօok.top,YES,outlook.top,outlook,օ (U+0585) -> o (U+006F),Single-Character
outlօok.vip,YES,outlook.vip,outlook,օ (U+0585) -> o (U+006F),Single-Character
outl໐ok.biz,YES,outlook.biz,outlook,໐ (U+0ED0) -> o (U+006F),Single-Character
outl໐ok.cc,YES,outlook.cc,outlook,໐ (U+0ED0) -> o (U+006F),Single-Character
outl໐ok.info,YES,outlook.info,outlook,໐ (U+0ED0) -> o (U+006F),Single-Character
outl໐ok.online,YES,outlook.online,outlook,໐ (U+0ED0) -> o (U+006F),Single-Character
outl໐ok.org,YES,outlook.org,outlook,໐ (U+0ED0) -> o (U+006F),Single-Character
outl໐ok.site,YES,outlook.site,outlook,໐ (U+0ED0) -> o (U+006F),Single-Character
outl໐ok.store,YES,outlook.store,outlook,໐ (U+0ED0) -> o (U+006F),Single-Character
outl໐ok.top,YES,outlook.top,outlook,໐ (U+0ED0) -> o (U+006F),Single-Character
outl໐ok.xyz,YES,outlook.xyz,outlook,໐ (U+0ED0) -> o (U+006F),Single-Character
paypaɩ.com,YES,paypa.com,,,
paypаl.biz,YES,paypal.biz,paypal,а (U+0430) -> a (U+0061),Single-Character
paypаl.cc,YES,paypal.cc,paypal,а (U+0430) -> a (U+0061),Single-Character
paypаl.click,YES,paypal.dick,paypal,а (U+0430) -> a (U+0061); cl (U+0063 U+006C) -> d (U+0064),Single-Character; Composite (ASCII)
paypаl.co,YES,paypal.co,paypal,а (U+0430) -> a (U+0061),Single-Character
paypаl.com,YES,paypal.com,paypal,а (U+0430) -> a (U+0061),Single-Character
paypаl.info,YES,paypal.info,paypal,а (U+0430) -> a (U+0061),Single-Character
paypаl.net,YES,paypal.net,paypal,а (U+0430) -> a (U+0061),Single-Character
paypаl.online,YES,paypal.online,paypal,а (U+0430) -> a (U+0061),Single-Character
paypаl.org,YES,paypal.org,paypal,а (U+0430) -> a (U+0061),Single-Character
paypаl.site,YES,paypal.site,paypal,а (U+0430) -> a (U+0061),Single-Character
paypаl.store,YES,paypal.store,paypal,а (U+0430) -> a (U+0061),Single-Character
paypаl.vip,YES,paypal.vip,paypal,а (U+0430) -> a (U+0061),Single-Character
payрal.biz,YES,paypal.biz,paypal,р (U+0440) -> p (U+0070),Single-Character
payрal.cc,YES,paypal.cc,paypal,р (U+0440) -> p (U+0070),Single-Character
payрal.click,YES,paypal.dick,paypal,р (U+0440) -> p (U+0070); cl (U+0063 U+006C) -> d (U+0064),Single-Character; Composite (ASCII)
payрal.co,YES,paypal.co,paypal,р (U+0440) -> p (U+0070),Single-Character
payрal.com,YES,paypal.com,paypal,р (U+0440) -> p (U+0070),Single-Character
payрal.info,YES,paypal.info,paypal,р (U+0440) -> p (U+0070),Single-Character
payрal.net,YES,paypal.net,paypal,р (U+0440) -> p (U+0070),Single-Character
payрal.online,YES,paypal.online,paypal,р (U+0440) -> p (U+0070),Single-Character
payрal.org,YES,paypal.org,paypal,р (U+0440) -> p (U+0070),Single-Character
payрal.site,YES,paypal.site,paypal,р (U+0440) -> p (U+0070),Single-Character
payрal.store,YES,paypal.store,paypal,р (U+0440) -> p (U+0070),Single-Character
payрal.top,YES,paypal.top,paypal,р (U+0440) -> p (U+0070),Single-Character
paуpal.cc,YES,paypal.cc,paypal,у (U+0443) -> y (U+0079),Single-Character
paуpal.co,YES,paypal.co,paypal,у (U+0443) -> y (U+0079),Single-Character
paуpal.com,YES,paypal.com,paypal,у (U+0443) -> y (U+0079),Single-Character
paуpal.info,YES,paypal.info,paypal,у (U+0443) -> y (U+0079),Single-Character
paуpal.net,YES,paypal.net,paypal,у (U+0443) -> y (U+0079),Single-Character
paуpal.online,YES,paypal.online,paypal,у (U+0443) -> y (U+0079),Single-Character
paуpal.org,YES,paypal.org,paypal,у (U+0443) -> y (U+0079),Single-Character
paуpal.site,YES,paypal.site,paypal,у (U+0443) -> y (U+0079),Single-Character
paуpal.store,YES,paypal.store,paypal,у (U+0443) -> y (U+0079),Single-Character
paуpal.top,YES,paypal.top,paypal,у (U+0443) -> y (U+0079),Single-Character
paуpal.vip,YES,paypal.vip,paypal,у (U+0443) -> y (U+0079),Single-Character
paуpal.xyz,YES,paypal.xyz,paypal,у (U+0443) -> y (U+0079),Single-Character
perú.com,YES,peru.com,,,
pintereѕt.biz,YES,pinterest.biz,pinterest,ѕ (U+0455) -> s (U+0073),Single-Character
pintereѕt.cc,YES,pinterest.cc,pinterest,ѕ (U+0455) -> s (U+0073),Single-Character
pintereѕt.click,YES,pinterest.dick,pinterest,ѕ (U+0455) -> s (U+0073); cl (U+0063 U+006C) -> d (U+0064),Single-Character; Composite (ASCII)
pintereѕt.co,YES,pinterest.co,pinterest,ѕ (U+0455) -> s (U+0073),Single-Character
pintereѕt.com,YES,pinterest.com,pinterest,ѕ (U+0455) -> s (U+0073),Single-Character
pintereѕt.info,YES,pinterest.info,pinterest,ѕ (U+0455) -> s (U+0073),Single-Character
pintereѕt.net,YES,pinterest.net,pinterest,ѕ (U+0455) -> s (U+0073),Single-Character
pintereѕt.online,YES,pinterest.online,pinterest,ѕ (U+0455) -> s (U+0073),Single-Character
pintereѕt.org,YES,pinterest.org,pinterest,ѕ (U+0455) -> s (U+0073),Single-Character
pintereѕt.site,YES,pinterest.site,pinterest,ѕ (U+0455) -> s (U+0073),Single-Character
pintereѕt.store,YES,pinterest.store,pinterest,ѕ (U+0455) -> s (U+0073),Single-Character
pintereѕt.top,YES,pinterest.top,pinterest,ѕ (U+0455) -> s (U+0073),Single-Character
pintereѕt.vip,YES,pinterest.vip,pinterest,ѕ (U+0455) -> s (U+0073),Single-Character
pinterèst.biz,YES,pinterest.biz,pinterest,,
pinterèst.cc,YES,pinterest.cc,pinterest,,
pinterèst.co,YES,pinterest.co,pinterest,,
pinterèst.net,YES,pinterest.net,pinterest,,
pinterèst.top,YES,pinterest.top,pinterest,,
pinterèst.vip,YES,pinterest.vip,pinterest,,
pinterèst.xyz,YES,pinterest.xyz,pinterest,,
pinterést.biz,YES,pinterest.biz,pinterest,é (U+00E9) -> e (U+0065),Single-Character
pinterést.cc,YES,pinterest.cc,pinterest,é (U+00E9) -> e (U+0065),Single-Character
pinterést.com,YES,pinterest.com,pinterest,é (U+00E9) -> e (U+0065),Single-Character
pinterést.net,YES,pinterest.net,pinterest,é (U+00E9) -> e (U+0065),Single-Character
pinterést.top,YES,pinterest.top,pinterest,é (U+00E9) -> e (U+0065),Single-Character
pinterést.vip,YES,pinterest.vip,pinterest,é (U+00E9) -> e (U+0065),Single-Character
pinterést.xyz,YES,pinterest.xyz,pinterest,é (U+00E9) -> e (U+0065),Single-Character
pinterеst.co,YES,pinterest.co,pinterest,е (U+0435) -> e (U+0065),Single-Character
pinterеst.net,YES,pinterest.net,pinterest,е (U+0435) -> e (U+0065),Single-Character
pinterеst.org,YES,pinterest.org,pinterest,е (U+0435) -> e (U+0065),Single-Character
pintèrest.cc,YES,pinterest.cc,pinterest,,
pintèrest.com,YES,pinterest.com,pinterest,,
pintèrest.net,YES,pinterest.net,pinterest,,
pintèrest.online,YES,pinterest.online,pinterest,,
pintèrest.org,YES,pinterest.org,pinterest,,
pintèrest.vip,YES,pinterest.vip,pinterest,,
pintérest.co,YES,pinterest.co,pinterest,é (U+00E9) -> e (U+0065),Single-Character
pintérest.com,YES,pinterest.com,pinterest,é (U+00E9) -> e (U+0065),Single-Character
pintérest.store,YES,pinterest.store,pinterest,é (U+00E9) -> e (U+0065),Single-Character
pintérest.vip,YES,pinterest.vip,pinterest,é (U+00E9) -> e (U+0065),Single-Character
pintеrest.click,YES,pinterest.dick,pinterest,е (U+0435) -> e (U+0065); cl (U+0063 U+006C) -> d (U+0064),Single-Character; Composite (ASCII)
pintеrest.co,YES,pinterest.co,pinterest,е (U+0435) -> e (U+0065),Single-Character
pintеrest.com,YES,pinterest.com,pinterest,е (U+0435) -> e (U+0065),Single-Character
pintеrest.info,YES,pinterest.info,pinterest,е (U+0435) -> e (U+0065),Single-Character
pintеrest.net,YES,pinterest.net,pinterest,е (U+0435) -> e (U+0065),Single-Character
pintеrest.top,YES,pinterest.top,pinterest,е (U+0435) -> e (U+0065),Single-Character
pintеrest.vip,YES,pinterest.vip,pinterest,е (U+0435) -> e (U+0065),Single-Character
protоn.biz,YES,proton.biz,proton,о (U+043E) -> o (U+006F),Single-Character
protоn.cc,YES,proton.cc,proton,о (U+043E) -> o (U+006F),Single-Character
protоn.click,YES,proton.dick,proton,о (U+043E) -> o (U+006F); cl (U+0063 U+006C) -> d (U+0064),Single-Character; Composite (ASCII)
protоn.co,YES,proton.co,proton,о (U+043E) -> o (U+006F),Single-Character
protоn.info,YES,proton.info,proton,о (U+043E) -> o (U+006F),Single-Character
protоn.net,YES,proton.net,proton,о (U+043E) -> o (U+006F),Single-Character
protоn.online,YES,proton.online,proton,о (U+043E) -> o (U+006F),Single-Character
protоn.org,YES,proton.org,proton,о (U+043E) -> o (U+006F),Single-Character
protоn.site,YES,proton.site,proton,о (U+043E) -> o (U+006F),Single-Character
protоn.top,YES,proton.top,proton,о (U+043E) -> o (U+006F),Single-Character
protоn.xyz,YES,proton.xyz,proton,о (U+043E) -> o (U+006F),Single-Character
protօn.click,YES,proton.dick,proton,օ (U+0585) -> o (U+006F); cl (U+0063 U+006C) -> d (U+0064),Single-Character; Composite (ASCII)
protօn.com,YES,proton.com,proton,օ (U+0585) -> o (U+006F),Single-Character
protօn.info,YES,proton.info,proton,օ (U+0585) -> o (U+006F),Single-Character
protօn.net,YES,proton.net,proton,օ (U+0585) -> o (U+006F),Single-Character
protօn.online,YES,proton.online,proton,օ (U+0585) -> o (U+006F),Single-Character
protօn.site,YES,proton.site,proton,օ (U+0585) -> o (U+006F),Single-Character
protօn.top,YES,proton.top,proton,օ (U+0585) -> o (U+006F),Single-Character
protօn.xyz,YES,proton.xyz,proton,օ (U+0585) -> o (U+006F),Single-Character
prot໐n.co,YES,proton.co,proton,໐ (U+0ED0) -> o (U+006F),Single-Character
prot໐n.online,YES,proton.online,proton,໐ (U+0ED0) -> o (U+006F),Single-Character
prot໐n.store,YES,proton.store,proton,໐ (U+0ED0) -> o (U+006F),Single-Character
prot໐n.top,YES,proton.top,proton,໐ (U+0ED0) -> o (U+006F),Single-Character
prot໐n.vip,YES,proton.vip,proton,໐ (U+0ED0) -> o (U+006F),Single-Character
prot໐n.xyz,YES,proton.xyz,proton,໐ (U+0ED0) -> o (U+006F),Single-Character
prоton.cc,YES,proton.cc,proton,о (U+043E) -> o (U+006F),Single-Character
prоton.online,YES,proton.online,proton,о (U+043E) -> o (U+006F),Single-Character
prоton.org,YES,proton.org,proton,о (U+043E) -> o (U+006F),Single-Character
prоton.store,YES,proton.store,proton,о (U+043E) -> o (U+006F),Single-Character
prоton.vip,YES,proton.vip,proton,о (U+043E) -> o (U+006F),Single-Character
prоton.xyz,YES,proton.xyz,proton,о (U+043E) -> o (U+006F),Single-Character
prօton.cc,YES,proton.cc,proton,օ (U+0585) -> o (U+006F),Single-Character
prօton.click,YES,proton.dick,proton,օ (U+0585) -> o (U+006F); cl (U+0063 U+006C) -> d (U+0064),Single-Character; Composite (ASCII)
prօton.co,YES,proton.co,proton,օ (U+0585) -> o (U+006F),Single-Character
prօton.info,YES,proton.info,proton,օ (U+0585) -> o (U+006F),Single-Character
prօton.net,YES,proton.net,proton,օ (U+0585) -> o (U+006F),Single-Character
prօton.online,YES,proton.online,proton,օ (U+0585) -> o (U+006F),Single-Character
prօton.org,YES,proton.org,proton,օ (U+0585) -> o (U+006F),Single-Character
prօton.vip,YES,proton.vip,proton,օ (U+0585) -> o (U+006F),Single-Character
pr໐ton.biz,YES,proton.biz,proton,໐ (U+0ED0) -> o (U+006F),Single-Character
pr໐ton.click,YES,proton.dick,proton,໐ (U+0ED0) -> o (U+006F); cl (U+0063 U+006C) -> d (U+0064),Single-Character; Composite (ASCII)
pr໐ton.co,YES,proton.co,proton,໐ (U+0ED0) -> o (U+006F),Single-Character
pr໐ton.net,YES,proton.net,proton,໐ (U+0ED0) -> o (U+006F),Single-Character
pr໐ton.online,YES,proton.online,proton,໐ (U+0ED0) -> o (U+006F),Single-Character
pr໐ton.org,YES,proton.org,proton,໐ (U+0ED0) -> o (U+006F),Single-Character
pr໐ton.store,YES,proton.store,proton,໐ (U+0ED0) -> o (U+006F),Single-Character
pr໐ton.top,YES,proton.top,proton,໐ (U+0ED0) -> o (U+006F),Single-Character
pr໐ton.vip,YES,proton.vip,proton,໐ (U+0ED0) -> o (U+006F),Single-Character
pr໐ton.xyz,YES,proton.xyz,proton,໐ (U+0ED0) -> o (U+006F),Single-Character
pınterest.cc,YES,pinterest.cc,pinterest,ı (U+0131) -> i (U+0069),Single-Character (Twin)
pınterest.info,YES,pinterest.info,pinterest,ı (U+0131) -> i (U+0069),Single-Character (Twin)
pınterest.net,YES,pinterest.net,pinterest,ı (U+0131) -> i (U+0069),Single-Character (Twin)
pınterest.org,YES,pinterest.org,pinterest,ı (U+0131) -> i (U+0069),Single-Character (Twin)
pınterest.site,YES,pinterest.site,pinterest,ı (U+0131) -> i (U+0069),Single-Character (Twin)
pınterest.store,YES,pinterest.store,pinterest,ı (U+0131) -> i (U+0069),Single-Character (Twin)
pınterest.vip,YES,pinterest.vip,pinterest,ı (U+0131) -> i (U+0069),Single-Character (Twin)
pınterest.xyz,YES,pinterest.xyz,pinterest,ı (U+0131) -> i (U+0069),Single-Character (Twin)
pаypal.biz,YES,paypal.biz,paypal,а (U+0430) -> a (U+0061),Single-Character
pаypal.cc,YES,paypal.cc,paypal,а (U+0430) -> a (U+0061),Single-Character
pаypal.click,YES,paypal.dick,paypal,а (U+0430) -> a (U+0061); cl (U+0063 U+006C) -> d (U+0064),Single-Character; Composite (ASCII)
pаypal.co,YES,paypal.co,paypal,а (U+0430) -> a (U+0061),Single-Character
pаypal.com,YES,paypal.com,paypal,а (U+0430) -> a (U+0061),Single-Character
pаypal.info,YES,paypal.info,paypal,а (U+0430) -> a (U+0061),Single-Character
pаypal.net,YES,paypal.net,paypal,а (U+0430) -> a (U+0061),Single-Character
pаypal.online,YES,paypal.online,paypal,а (U+0430) -> a (U+0061),Single-Character
pаypal.site,YES,paypal.site,paypal,а (U+0430) -> a (U+0061),Single-Character
pаypal.store,YES,paypal.store,paypal,а (U+0430) -> a (U+0061),Single-Character
pаypal.vip,YES,paypal.vip,paypal,а (U+0430) -> a (U+0061),Single-Character
pаypal.xyz,YES,paypal.xyz,paypal,а (U+0430) -> a (U+0061),Single-Character
pіnterest.info,YES,pinterest.info,pinterest,і (U+0456) -> i (U+0069),Single-Character
pіnterest.online,YES,pinterest.online,pinterest,і (U+0456) -> i (U+0069),Single-Character
pіnterest.org,YES,pinterest.org,pinterest,і (U+0456) -> i (U+0069),Single-Character
pіnterest.vip,YES,pinterest.vip,pinterest,і (U+0456) -> i (U+0069),Single-Character
pіnterest.xyz,YES,pinterest.xyz,pinterest,і (U+0456) -> i (U+0069),Single-Character
recldit.biz,YES,reddit.biz,reddit,cl (U+0063 U+006C) -> d (U+0064),Composite (ASCII)
recldit.cc,YES,reddit.cc,reddit,cl (U+0063 U+006C) -> d (U+0064),Composite (ASCII)
recldit.co,YES,reddit.co,reddit,cl (U+0063 U+006C) -> d (U+0064),Composite (ASCII)
recldit.com,YES,reddit.com,reddit,cl (U+0063 U+006C) -> d (U+0064),Composite (ASCII)
recldit.info,YES,reddit.info,reddit,cl (U+0063 U+006C) -> d (U+0064),Composite (ASCII)
recldit.net,YES,reddit.net,reddit,cl (U+0063 U+006C) -> d (U+0064),Composite (ASCII)
recldit.org,YES,reddit.org,reddit,cl (U+0063 U+006C) -> d (U+0064),Composite (ASCII)
recldit.site,YES,reddit.site,reddit,cl (U+0063 U+006C) -> d (U+0064),Composite (ASCII)
recldit.top,YES,reddit.top,reddit,cl (U+0063 U+006C) -> d (U+0064),Composite (ASCII)
recldit.vip,YES,reddit.vip,reddit,cl (U+0063 U+006C) -> d (U+0064),Composite (ASCII)
recldit.xyz,YES,reddit.xyz,reddit,cl (U+0063 U+006C) -> d (U+0064),Composite (ASCII)
redclit.biz,YES,reddit.biz,reddit,cl (U+0063 U+006C) -> d (U+0064),Composite (ASCII)
redclit.cc,YES,reddit.cc,reddit,cl (U+0063 U+006C) -> d (U+0064),Composite (ASCII)
redclit.click,YES,reddit.dick,reddit,cl (U+0063 U+006C) -> d (U+0064); cl (U+0063 U+006C) -> d (U+0064),Composite (ASCII)
redclit.co,YES,reddit.co,reddit,cl (U+0063 U+006C) -> d (U+0064),Composite (ASCII)
redclit.com,YES,reddit.com,reddit,cl (U+0063 U+006C) -> d (U+0064),Composite (ASCII)
redclit.info,YES,reddit.info,reddit,cl (U+0063 U+006C) -> d (U+0064),Composite (ASCII)
redclit.net,YES,reddit.net,reddit,cl (U+0063 U+006C) -> d (U+0064),Composite (ASCII)
redclit.online,YES,reddit.online,reddit,cl (U+0063 U+006C) -> d (U+0064),Composite (ASCII)
redclit.org,YES,reddit.org,reddit,cl (U+0063 U+006C) -> d (U+0064),Composite (ASCII)
redclit.site,YES,reddit.site,reddit,cl (U+0063 U+006C) -> d (U+0064),Composite (ASCII)
redclit.store,YES,reddit.store,reddit,cl (U+0063 U+006C) -> d (U+0064),Composite (ASCII)
redclit.vip,YES,reddit.vip,reddit,cl (U+0063 U+006C) -> d (U+0064),Composite (ASCII)
redclit.xyz,YES,reddit.xyz,reddit,cl (U+0063 U+006C) -> d (U+0064),Composite (ASCII)
reddıt.click,YES,reddit.dick,reddit,ı (U+0131) -> i (U+0069); cl (U+0063 U+006C) -> d (U+0064),Single-Character (Twin); Composite (ASCII)
reddıt.co,YES,reddit.co,reddit,ı (U+0131) -> i (U+0069),Single-Character (Twin)
reddıt.com,YES,reddit.com,reddit,ı (U+0131) -> i (U+0069),Single-Character (Twin)
reddıt.info,YES,reddit.info,reddit,ı (U+0131) -> i (U+0069),Single-Character (Twin)
reddıt.net,YES,reddit.net,reddit,ı (U+0131) -> i (U+0069),Single-Character (Twin)
reddıt.online,YES,reddit.online,reddit,ı (U+0131) -> i (U+0069),Single-Character (Twin)
reddıt.site,YES,reddit.site,reddit,ı (U+0131) -> i (U+0069),Single-Character (Twin)
reddıt.store,YES,reddit.store,reddit,ı (U+0131) -> i (U+0069),Single-Character (Twin)
reddıt.top,YES,reddit.top,reddit,ı (U+0131) -> i (U+0069),Single-Character (Twin)
reddіt.biz,YES,reddit.biz,reddit,і (U+0456) -> i (U+0069),Single-Character
reddіt.com,YES,reddit.com,reddit,і (U+0456) -> i (U+0069),Single-Character
reddіt.net,YES,reddit.net,reddit,і (U+0456) -> i (U+0069),Single-Character
reddіt.org,YES,reddit.org,reddit,і (U+0456) -> i (U+0069),Single-Character
reddіt.site,YES,reddit.site,reddit,і (U+0456) -> i (U+0069),Single-Character
reddіt.store,YES,reddit.store,reddit,і (U+0456) -> i (U+0069),Single-Character
reddіt.top,YES,reddit.top,reddit,і (U+0456) -> i (U+0069),Single-Character
reddіt.vip,YES,reddit.vip,reddit,і (U+0456) -> i (U+0069),Single-Character
reddіt.xyz,YES,reddit.xyz,reddit,і (U+0456) -> i (U+0069),Single-Character
rnetamask.biz,YES,metamask.biz,metamask,rn (U+0072 U+006E) -> m (U+006D),Composite (ASCII)
rnetamask.click,YES,metamask.dick,metamask,rn (U+0072 U+006E) -> m (U+006D); cl (U+0063 U+006C) -> d (U+0064),Composite (ASCII)
rnetamask.co,YES,metamask.co,metamask,rn (U+0072 U+006E) -> m (U+006D),Composite (ASCII)
rnetamask.com,YES,metamask.com,metamask,rn (U+0072 U+006E) -> m (U+006D),Composite (ASCII)
rnetamask.net,YES,metamask.net,metamask,rn (U+0072 U+006E) -> m (U+006D),Composite (ASCII)
rnetamask.org,YES,metamask.org,metamask,rn (U+0072 U+006E) -> m (U+006D),Composite (ASCII)
rnetamask.store,YES,metamask.store,metamask,rn (U+0072 U+006E) -> m (U+006D),Composite (ASCII)
rnetamask.top,YES,metamask.top,metamask,rn (U+0072 U+006E) -> m (U+006D),Composite (ASCII)
rnetamask.vip,YES,metamask.vip,metamask,rn (U+0072 U+006E) -> m (U+006D),Composite (ASCII)
rnetamask.xyz,YES,metamask.xyz,metamask,rn (U+0072 U+006E) -> m (U+006D),Composite (ASCII)
rnicrosoft.biz,YES,microsoft.biz,microsoft,rn (U+0072 U+006E) -> m (U+006D),Composite (ASCII)
rnicrosoft.cc,YES,microsoft.cc,microsoft,rn (U+0072 U+006E) -> m (U+006D),Composite (ASCII)
rnicrosoft.click,YES,microsoft.dick,microsoft,rn (U+0072 U+006E) -> m (U+006D); cl (U+0063 U+006C) -> d (U+0064),Composite (ASCII)
rnicrosoft.co,YES,microsoft.co,microsoft,rn (U+0072 U+006E) -> m (U+006D),Composite (ASCII)
rnicrosoft.com,YES,microsoft.com,microsoft,rn (U+0072 U+006E) -> m (U+006D),Composite (ASCII)
rnicrosoft.net,YES,microsoft.net,microsoft,rn (U+0072 U+006E) -> m (U+006D),Composite (ASCII)
rnicrosoft.online,YES,microsoft.online,microsoft,rn (U+0072 U+006E) -> m (U+006D),Composite (ASCII)
rnicrosoft.org,YES,microsoft.org,microsoft,rn (U+0072 U+006E) -> m (U+006D),Composite (ASCII)
rnicrosoft.site,YES,microsoft.site,microsoft,rn (U+0072 U+006E) -> m (U+006D),Composite (ASCII)
rnicrosoft.store,YES,microsoft.store,microsoft,rn (U+0072 U+006E) -> m (U+006D),Composite (ASCII)
rnicrosoft.top,YES,microsoft.top,microsoft,rn (U+0072 U+006E) -> m (U+006D),Composite (ASCII)
rnicrosoft.vip,YES,microsoft.vip,microsoft,rn (U+0072 U+006E) -> m (U+006D),Composite (ASCII)
rnicrosoft.xyz,YES,microsoft.xyz,microsoft,rn (U+0072 U+006E) -> m (U+006D),Composite (ASCII)
rnullvad.biz,YES,mullvad.biz,mullvad,rn (U+0072 U+006E) -> m (U+006D),Composite (ASCII)
rnullvad.cc,YES,mullvad.cc,mullvad,rn (U+0072 U+006E) -> m (U+006D),Composite (ASCII)
rnullvad.click,YES,mullvad.dick,mullvad,rn (U+0072 U+006E) -> m (U+006D); cl (U+0063 U+006C) -> d (U+0064),Composite (ASCII)
rnullvad.co,YES,mullvad.co,mullvad,rn (U+0072 U+006E) -> m (U+006D),Composite (ASCII)
rnullvad.com,YES,mullvad.com,mullvad,rn (U+0072 U+006E) -> m (U+006D),Composite (ASCII)
rnullvad.info,YES,mullvad.info,mullvad,rn (U+0072 U+006E) -> m (U+006D),Composite (ASCII)
rnullvad.net,YES,mullvad.net,mullvad,rn (U+0072 U+006E) -> m (U+006D),Composite (ASCII)
rnullvad.online,YES,mullvad.online,mullvad,rn (U+0072 U+006E) -> m (U+006D),Composite (ASCII)
rnullvad.org,YES,mullvad.org,mullvad,rn (U+0072 U+006E) -> m (U+006D),Composite (ASCII)
rnullvad.store,YES,mullvad.store,mullvad,rn (U+0072 U+006E) -> m (U+006D),Composite (ASCII)
rnullvad.top,YES,mullvad.top,mullvad,rn (U+0072 U+006E) -> m (U+006D),Composite (ASCII)
rnullvad.vip,YES,mullvad.vip,mullvad,rn (U+0072 U+006E) -> m (U+006D),Composite (ASCII)
rnullvad.xyz,YES,mullvad.xyz,mullvad,rn (U+0072 U+006E) -> m (U+006D),Composite (ASCII)
robloх.biz,YES,robbx.biz,,lo (U+006C U+006F) -> b (U+0062); х (U+0445) -> x (U+0078),Single-Character; Composite (ASCII)
robloх.cc,YES,robbx.cc,,lo (U+006C U+006F) -> b (U+0062); х (U+0445) -> x (U+0078),Single-Character; Composite (ASCII)
robloх.co,YES,robbx.co,,lo (U+006C U+006F) -> b (U+0062); х (U+0445) -> x (U+0078),Single-Character; Composite (ASCII)
robloх.com,YES,robbx.com,,lo (U+006C U+006F) -> b (U+0062); х (U+0445) -> x (U+0078),Single-Character; Composite (ASCII)
robloх.info,YES,robbx.info,,lo (U+006C U+006F) -> b (U+0062); х (U+0445) -> x (U+0078),Single-Character; Composite (ASCII)
robloх.net,YES,robbx.net,,lo (U+006C U+006F) -> b (U+0062); х (U+0445) -> x (U+0078),Single-Character; Composite (ASCII)
robloх.online,YES,robbx.online,,lo (U+006C U+006F) -> b (U+0062); х (U+0445) -> x (U+0078),Single-Character; Composite (ASCII)
robloх.org,YES,robbx.org,,lo (U+006C U+006F) -> b (U+0062); х (U+0445) -> x (U+0078),Single-Character; Composite (ASCII)
robloх.site,YES,robbx.site,,lo (U+006C U+006F) -> b (U+0062); х (U+0445) -> x (U+0078),Single-Character; Composite (ASCII)
robloх.store,YES,robbx.store,,lo (U+006C U+006F) -> b (U+0062); х (U+0445) -> x (U+0078),Single-Character; Composite (ASCII)
robloх.top,YES,robbx.top,,lo (U+006C U+006F) -> b (U+0062); х (U+0445) -> x (U+0078),Single-Character; Composite (ASCII)
robloх.vip,YES,robbx.vip,,lo (U+006C U+006F) -> b (U+0062); х (U+0445) -> x (U+0078),Single-Character; Composite (ASCII)
robloх.xyz,YES,robbx.xyz,,lo (U+006C U+006F) -> b (U+0062); х (U+0445) -> x (U+0078),Single-Character; Composite (ASCII)
roblоx.biz,YES,roblox.biz,roblox,о (U+043E) -> o (U+006F),Single-Character
roblоx.cc,YES,roblox.cc,roblox,о (U+043E) -> o (U+006F),Single-Character
roblоx.click,YES,roblox.dick,roblox,о (U+043E) -> o (U+006F); cl (U+0063 U+006C) -> d (U+0064),Single-Character; Composite (ASCII)
roblоx.co,YES,roblox.co,roblox,о (U+043E) -> o (U+006F),Single-Character
roblоx.net,YES,roblox.net,roblox,о (U+043E) -> o (U+006F),Single-Character
roblоx.online,YES,roblox.online,roblox,о (U+043E) -> o (U+006F),Single-Character
roblоx.site,YES,roblox.site,roblox,о (U+043E) -> o (U+006F),Single-Character
roblоx.vip,YES,roblox.vip,roblox,о (U+043E) -> o (U+006F),Single-Character
roblօx.biz,YES,roblox.biz,roblox,օ (U+0585) -> o (U+006F),Single-Character
roblօx.cc,YES,roblox.cc,roblox,օ (U+0585) -> o (U+006F),Single-Character
roblօx.click,YES,roblox.dick,roblox,օ (U+0585) -> o (U+006F); cl (U+0063 U+006C) -> d (U+0064),Single-Character; Composite (ASCII)
roblօx.com,YES,roblox.com,roblox,օ (U+0585) -> o (U+006F),Single-Character
roblօx.info,YES,roblox.info,roblox,օ (U+0585) -> o (U+006F),Single-Character
roblօx.net,YES,roblox.net,roblox,օ (U+0585) -> o (U+006F),Single-Character
roblօx.org,YES,roblox.org,roblox,օ (U+0585) -> o (U+006F),Single-Character
roblօx.store,YES,roblox.store,roblox,օ (U+0585) -> o (U+006F),Single-Character
roblօx.vip,YES,roblox.vip,roblox,օ (U+0585) -> o (U+006F),Single-Character
robl໐x.biz,YES,roblox.biz,roblox,໐ (U+0ED0) -> o (U+006F),Single-Character
robl໐x.com,YES,roblox.com,roblox,໐ (U+0ED0) -> o (U+006F),Single-Character
robl໐x.net,YES,roblox.net,roblox,໐ (U+0ED0) -> o (U+006F),Single-Character
robl໐x.org,YES,roblox.org,roblox,໐ (U+0ED0) -> o (U+006F),Single-Character
robl໐x.site,YES,roblox.site,roblox,໐ (U+0ED0) -> o (U+006F),Single-Character
robl໐x.store,YES,roblox.store,roblox,໐ (U+0ED0) -> o (U+006F),Single-Character
robl໐x.top,YES,roblox.top,roblox,໐ (U+0ED0) -> o (U+006F),Single-Character
rèddit.cc,YES,reddit.cc,reddit,,
rèddit.click,YES,reddit.dick,reddit,cl (U+0063 U+006C) -> d (U+0064),Composite (ASCII)
rèddit.co,YES,reddit.co,reddit,,
rèddit.com,YES,reddit.com,reddit,,
rèddit.info,YES,reddit.info,reddit,,
rèddit.net,YES,reddit.net,reddit,,
rèddit.online,YES,reddit.online,reddit,,
rèddit.site,YES,reddit.site,reddit,,
rèddit.store,YES,reddit.store,reddit,,
rèddit.top,YES,reddit.top,reddit,,
rèddit.xyz,YES,reddit.xyz,reddit,,
réddit.biz,YES,reddit.biz,reddit,é (U+00E9) -> e (U+0065),Single-Character
réddit.co,YES,reddit.co,reddit,é (U+00E9) -> e (U+0065),Single-Character
réddit.com,YES,reddit.com,reddit,é (U+00E9) -> e (U+0065),Single-Character
réddit.info,YES,reddit.info,reddit,é (U+00E9) -> e (U+0065),Single-Character
réddit.online,YES,reddit.online,reddit,é (U+00E9) -> e (U+0065),Single-Character
réddit.site,YES,reddit.site,reddit,é (U+00E9) -> e (U+0065),Single-Character
réddit.top,YES,reddit.top,reddit,é (U+00E9) -> e (U+0065),Single-Character
réddit.xyz,YES,reddit.xyz,reddit,é (U+00E9) -> e (U+0065),Single-Character
rеddit.biz,YES,reddit.biz,reddit,е (U+0435) -> e (U+0065),Single-Character
rеddit.cc,YES,reddit.cc,reddit,е (U+0435) -> e (U+0065),Single-Character
rеddit.com,YES,reddit.com,reddit,е (U+0435) -> e (U+0065),Single-Character
rеddit.net,YES,reddit.net,reddit,е (U+0435) -> e (U+0065),Single-Character
rеddit.org,YES,reddit.org,reddit,е (U+0435) -> e (U+0065),Single-Character
rеddit.site,YES,reddit.site,reddit,е (U+0435) -> e (U+0065),Single-Character
rеddit.store,YES,reddit.store,reddit,е (U+0435) -> e (U+0065),Single-Character
rеddit.top,YES,reddit.top,reddit,е (U+0435) -> e (U+0065),Single-Character
rеddit.vip,YES,reddit.vip,reddit,е (U+0435) -> e (U+0065),Single-Character
rоblox.biz,YES,robbx.biz,,о (U+043E) -> o (U+006F); lo (U+006C U+006F) -> b (U+0062),Single-Character; Composite (ASCII)
rоblox.co,YES,robbx.co,,о (U+043E) -> o (U+006F); lo (U+006C U+006F) -> b (U+0062),Single-Character; Composite (ASCII)
rоblox.com,YES,robbx.com,,о (U+043E) -> o (U+006F); lo (U+006C U+006F) -> b (U+0062),Single-Character; Composite (ASCII)
rоblox.info,YES,robbx.info,,о (U+043E) -> o (U+006F); lo (U+006C U+006F) -> b (U+0062),Single-Character; Composite (ASCII)
rоblox.online,YES,robbx.online,,о (U+043E) -> o (U+006F); lo (U+006C U+006F) -> b (U+0062),Single-Character; Composite (ASCII)
rоblox.xyz,YES,robbx.xyz,,о (U+043E) -> o (U+006F); lo (U+006C U+006F) -> b (U+0062),Single-Character; Composite (ASCII)
rօblox.biz,YES,robbx.biz,,օ (U+0585) -> o (U+006F); lo (U+006C U+006F) -> b (U+0062),Single-Character; Composite (ASCII)
rօblox.click,YES,robbx.dick,,օ (U+0585) -> o (U+006F); lo (U+006C U+006F) -> b (U+0062); cl (U+0063 U+006C) -> d (U+0064),Single-Character; Composite (ASCII)
rօblox.co,YES,robbx.co,,օ (U+0585) -> o (U+006F); lo (U+006C U+006F) -> b (U+0062),Single-Character; Composite (ASCII)
rօblox.com,YES,robbx.com,,օ (U+0585) -> o (U+006F); lo (U+006C U+006F) -> b (U+0062),Single-Character; Composite (ASCII)
rօblox.online,YES,robbx.online,,օ (U+0585) -> o (U+006F); lo (U+006C U+006F) -> b (U+0062),Single-Character; Composite (ASCII)
rօblox.org,YES,robbx.org,,օ (U+0585) -> o (U+006F); lo (U+006C U+006F) -> b (U+0062),Single-Character; Composite (ASCII)
rօblox.vip,YES,robbx.vip,,օ (U+0585) -> o (U+006F); lo (U+006C U+006F) -> b (U+0062),Single-Character; Composite (ASCII)
rօblox.xyz,YES,robbx.xyz,,օ (U+0585) -> o (U+006F); lo (U+006C U+006F) -> b (U+0062),Single-Character; Composite (ASCII)
r໐blox.biz,YES,robbx.biz,,໐ (U+0ED0) -> o (U+006F); lo (U+006C U+006F) -> b (U+0062),Single-Character; Composite (ASCII)
r໐blox.cc,YES,robbx.cc,,໐ (U+0ED0) -> o (U+006F); lo (U+006C U+006F) -> b (U+0062),Single-Character; Composite (ASCII)
r໐blox.click,YES,robbx.dick,,໐ (U+0ED0) -> o (U+006F); lo (U+006C U+006F) -> b (U+0062); cl (U+0063 U+006C) -> d (U+0064),Single-Character; Composite (ASCII)
r໐blox.com,YES,robbx.com,,໐ (U+0ED0) -> o (U+006F); lo (U+006C U+006F) -> b (U+0062),Single-Character; Composite (ASCII)
r໐blox.online,YES,robbx.online,,໐ (U+0ED0) -> o (U+006F); lo (U+006C U+006F) -> b (U+0062),Single-Character; Composite (ASCII)
r໐blox.site,YES,robbx.site,,໐ (U+0ED0) -> o (U+006F); lo (U+006C U+006F) -> b (U+0062),Single-Character; Composite (ASCII)
r໐blox.top,YES,robbx.top,,໐ (U+0ED0) -> o (U+006F); lo (U+006C U+006F) -> b (U+0062),Single-Character; Composite (ASCII)
r໐blox.vip,YES,robbx.vip,,໐ (U+0ED0) -> o (U+006F); lo (U+006C U+006F) -> b (U+0062),Single-Character; Composite (ASCII)
r໐blox.xyz,YES,robbx.xyz,,໐ (U+0ED0) -> o (U+006F); lo (U+006C U+006F) -> b (U+0062),Single-Character; Composite (ASCII)
samѕung.biz,YES,samsung.biz,samsung,ѕ (U+0455) -> s (U+0073),Single-Character
samѕung.cc,YES,samsung.cc,samsung,ѕ (U+0455) -> s (U+0073),Single-Character
samѕung.click,YES,samsung.dick,samsung,ѕ (U+0455) -> s (U+0073); cl (U+0063 U+006C) -> d (U+0064),Single-Character; Composite (ASCII)
samѕung.co,YES,samsung.co,samsung,ѕ (U+0455) -> s (U+0073),Single-Character
samѕung.com,YES,samsung.com,samsung,ѕ (U+0455) -> s (U+0073),Single-Character
samѕung.info,YES,samsung.info,samsung,ѕ (U+0455) -> s (U+0073),Single-Character
samѕung.net,YES,samsung.net,samsung,ѕ (U+0455) -> s (U+0073),Single-Character
samѕung.online,YES,samsung.online,samsung,ѕ (U+0455) -> s (U+0073),Single-Character
samѕung.org,YES,samsung.org,samsung,ѕ (U+0455) -> s (U+0073),Single-Character
samѕung.site,YES,samsung.site,samsung,ѕ (U+0455) -> s (U+0073),Single-Character
samѕung.store,YES,samsung.store,samsung,ѕ (U+0455) -> s (U+0073),Single-Character
samѕung.vip,YES,samsung.vip,samsung,ѕ (U+0455) -> s (U+0073),Single-Character
samѕung.xyz,YES,samsung.xyz,samsung,ѕ (U+0455) -> s (U+0073),Single-Character
sarnsung.biz,YES,samsung.biz,samsung,rn (U+0072 U+006E) -> m (U+006D),Composite (ASCII)
sarnsung.cc,YES,samsung.cc,samsung,rn (U+0072 U+006E) -> m (U+006D),Composite (ASCII)
sarnsung.click,YES,samsung.dick,samsung,rn (U+0072 U+006E) -> m (U+006D); cl (U+0063 U+006C) -> d (U+0064),Composite (ASCII)
sarnsung.co,YES,samsung.co,samsung,rn (U+0072 U+006E) -> m (U+006D),Composite (ASCII)
sarnsung.com,YES,samsung.com,samsung,rn (U+0072 U+006E) -> m (U+006D),Composite (ASCII)
sarnsung.net,YES,samsung.net,samsung,rn (U+0072 U+006E) -> m (U+006D),Composite (ASCII)
sarnsung.org,YES,samsung.org,samsung,rn (U+0072 U+006E) -> m (U+006D),Composite (ASCII)
sarnsung.site,YES,samsung.site,samsung,rn (U+0072 U+006E) -> m (U+006D),Composite (ASCII)
sarnsung.store,YES,samsung.store,samsung,rn (U+0072 U+006E) -> m (U+006D),Composite (ASCII)
sarnsung.top,YES,samsung.top,samsung,rn (U+0072 U+006E) -> m (U+006D),Composite (ASCII)
sarnsung.vip,YES,samsung.vip,samsung,rn (U+0072 U+006E) -> m (U+006D),Composite (ASCII)
sarnsung.xyz,YES,samsung.xyz,samsung,rn (U+0072 U+006E) -> m (U+006D),Composite (ASCII)
sharepoınt.biz,YES,sharepoint.biz,sharepoint,ı (U+0131) -> i (U+0069),Single-Character (Twin)
sharepoınt.co,YES,sharepoint.co,sharepoint,ı (U+0131) -> i (U+0069),Single-Character (Twin)
sharepoınt.net,YES,sharepoint.net,sharepoint,ı (U+0131) -> i (U+0069),Single-Character (Twin)
sharepoınt.store,YES,sharepoint.store,sharepoint,ı (U+0131) -> i (U+0069),Single-Character (Twin)
sharepoınt.top,YES,sharepoint.top,sharepoint,ı (U+0131) -> i (U+0069),Single-Character (Twin)
sharepoınt.xyz,YES,sharepoint.xyz,sharepoint,ı (U+0131) -> i (U+0069),Single-Character (Twin)
sharepoіnt.click,YES,sharepoint.dick,sharepoint,і (U+0456) -> i (U+0069); cl (U+0063 U+006C) -> d (U+0064),Single-Character; Composite (ASCII)
sharepoіnt.com,YES,sharepoint.com,sharepoint,і (U+0456) -> i (U+0069),Single-Character
sharepoіnt.info,YES,sharepoint.info,sharepoint,і (U+0456) -> i (U+0069),Single-Character
sharepoіnt.net,YES,sharepoint.net,sharepoint,і (U+0456) -> i (U+0069),Single-Character
sharepoіnt.online,YES,sharepoint.online,sharepoint,і (U+0456) -> i (U+0069),Single-Character
sharepoіnt.org,YES,sharepoint.org,sharepoint,і (U+0456) -> i (U+0069),Single-Character
sharepoіnt.site,YES,sharepoint.site,sharepoint,і (U+0456) -> i (U+0069),Single-Character
sharepoіnt.vip,YES,sharepoint.vip,sharepoint,і (U+0456) -> i (U+0069),Single-Character
sharepoіnt.xyz,YES,sharepoint.xyz,sharepoint,і (U+0456) -> i (U+0069),Single-Character
sharepоint.click,YES,sharepoint.dick,sharepoint,о (U+043E) -> o (U+006F); cl (U+0063 U+006C) -> d (U+0064),Single-Character; Composite (ASCII)
sharepоint.co,YES,sharepoint.co,sharepoint,о (U+043E) -> o (U+006F),Single-Character
sharepоint.info,YES,sharepoint.info,sharepoint,о (U+043E) -> o (U+006F),Single-Character
sharepоint.net,YES,sharepoint.net,sharepoint,о (U+043E) -> o (U+006F),Single-Character
sharepоint.online,YES,sharepoint.online,sharepoint,о (U+043E) -> o (U+006F),Single-Character
sharepоint.org,YES,sharepoint.org,sharepoint,о (U+043E) -> o (U+006F),Single-Character
sharepоint.vip,YES,sharepoint.vip,sharepoint,о (U+043E) -> o (U+006F),Single-Character
sharepօint.biz,YES,sharepoint.biz,sharepoint,օ (U+0585) -> o (U+006F),Single-Character
sharepօint.cc,YES,sharepoint.cc,sharepoint,օ (U+0585) -> o (U+006F),Single-Character
sharepօint.co,YES,sharepoint.co,sharepoint,օ (U+0585) -> o (U+006F),Single-Character
sharepօint.org,YES,sharepoint.org,sharepoint,օ (U+0585) -> o (U+006F),Single-Character
sharepօint.xyz,YES,sharepoint.xyz,sharepoint,օ (U+0585) -> o (U+006F),Single-Character
sharep໐int.click,YES,sharepoint.dick,sharepoint,໐ (U+0ED0) -> o (U+006F); cl (U+0063 U+006C) -> d (U+0064),Single-Character; Composite (ASCII)
sharep໐int.com,YES,sharepoint.com,sharepoint,໐ (U+0ED0) -> o (U+006F),Single-Character
sharep໐int.info,YES,sharepoint.info,sharepoint,໐ (U+0ED0) -> o (U+006F),Single-Character
sharep໐int.site,YES,sharepoint.site,sharepoint,໐ (U+0ED0) -> o (U+006F),Single-Character
sharep໐int.top,YES,sharepoint.top,sharepoint,໐ (U+0ED0) -> o (U+006F),Single-Character
sharep໐int.xyz,YES,sharepoint.xyz,sharepoint,໐ (U+0ED0) -> o (U+006F),Single-Character
shareрoint.biz,YES,sharepoint.biz,sharepoint,р (U+0440) -> p (U+0070),Single-Character
shareрoint.click,YES,sharepoint.dick,sharepoint,р (U+0440) -> p (U+0070); cl (U+0063 U+006C) -> d (U+0064),Single-Character; Composite (ASCII)
shareрoint.co,YES,sharepoint.co,sharepoint,р (U+0440) -> p (U+0070),Single-Character
shareрoint.com,YES,sharepoint.com,sharepoint,р (U+0440) -> p (U+0070),Single-Character
shareрoint.info,YES,sharepoint.info,sharepoint,р (U+0440) -> p (U+0070),Single-Character
shareрoint.site,YES,sharepoint.site,sharepoint,р (U+0440) -> p (U+0070),Single-Character
shareрoint.store,YES,sharepoint.store,sharepoint,р (U+0440) -> p (U+0070),Single-Character
shareрoint.xyz,YES,sharepoint.xyz,sharepoint,р (U+0440) -> p (U+0070),Single-Character
sharèpoint.cc,YES,sharepoint.cc,sharepoint,,
sharèpoint.click,YES,sharepoint.dick,sharepoint,cl (U+0063 U+006C) -> d (U+0064),Composite (ASCII)
sharèpoint.net,YES,sharepoint.net,sharepoint,,
sharèpoint.online,YES,sharepoint.online,sharepoint,,
sharèpoint.store,YES,sharepoint.store,sharepoint,,
sharèpoint.top,YES,sharepoint.top,sharepoint,,
sharèpoint.vip,YES,sharepoint.vip,sharepoint,,
sharépoint.co,YES,sharepoint.co,sharepoint,é (U+00E9) -> e (U+0065),Single-Character
sharépoint.com,YES,sharepoint.com,sharepoint,é (U+00E9) -> e (U+0065),Single-Character
sharépoint.net,YES,sharepoint.net,sharepoint,é (U+00E9) -> e (U+0065),Single-Character
sharépoint.org,YES,sharepoint.org,sharepoint,é (U+00E9) -> e (U+0065),Single-Character
sharépoint.store,YES,sharepoint.store,sharepoint,é (U+00E9) -> e (U+0065),Single-Character
sharépoint.vip,YES,sharepoint.vip,sharepoint,é (U+00E9) -> e (U+0065),Single-Character
sharеpoint.cc,YES,sharepoint.cc,sharepoint,е (U+0435) -> e (U+0065),Single-Character
sharеpoint.co,YES,sharepoint.co,sharepoint,е (U+0435) -> e (U+0065),Single-Character
sharеpoint.vip,YES,sharepoint.vip,sharepoint,е (U+0435) -> e (U+0065),Single-Character
sharеpoint.xyz,YES,sharepoint.xyz,sharepoint,е (U+0435) -> e (U+0065),Single-Character
shädbase.com,YES,shadbase.com,,ä (U+00E4) -> a (U+0061),Single-Character (Twin)
shаrepoint.biz,YES,sharepoint.biz,sharepoint,а (U+0430) -> a (U+0061),Single-Character
shаrepoint.cc,YES,sharepoint.cc,sharepoint,а (U+0430) -> a (U+0061),Single-Character
shаrepoint.co,YES,sharepoint.co,sharepoint,а (U+0430) -> a (U+0061),Single-Character
shаrepoint.com,YES,sharepoint.com,sharepoint,а (U+0430) -> a (U+0061),Single-Character
shаrepoint.info,YES,sharepoint.info,sharepoint,а (U+0430) -> a (U+0061),Single-Character
shаrepoint.online,YES,sharepoint.online,sharepoint,а (U+0430) -> a (U+0061),Single-Character
shаrepoint.org,YES,sharepoint.org,sharepoint,а (U+0430) -> a (U+0061),Single-Character
shаrepoint.site,YES,sharepoint.site,sharepoint,а (U+0430) -> a (U+0061),Single-Character
shаrepoint.top,YES,sharepoint.top,sharepoint,а (U+0430) -> a (U+0061),Single-Character
shаrepoint.vip,YES,sharepoint.vip,sharepoint,а (U+0430) -> a (U+0061),Single-Character
signаl.biz,YES,signal.biz,signal,а (U+0430) -> a (U+0061),Single-Character
signаl.cc,YES,signal.cc,signal,а (U+0430) -> a (U+0061),Single-Character
signаl.click,YES,signal.dick,signal,а (U+0430) -> a (U+0061); cl (U+0063 U+006C) -> d (U+0064),Single-Character; Composite (ASCII)
signаl.co,YES,signal.co,signal,а (U+0430) -> a (U+0061),Single-Character
signаl.com,YES,signal.com,signal,а (U+0430) -> a (U+0061),Single-Character
signаl.info,YES,signal.info,signal,а (U+0430) -> a (U+0061),Single-Character
signаl.net,YES,signal.net,signal,а (U+0430) -> a (U+0061),Single-Character
signаl.online,YES,signal.online,signal,а (U+0430) -> a (U+0061),Single-Character
signаl.org,YES,signal.org,signal,а (U+0430) -> a (U+0061),Single-Character
signаl.site,YES,signal.site,signal,а (U+0430) -> a (U+0061),Single-Character
signаl.store,YES,signal.store,signal,а (U+0430) -> a (U+0061),Single-Character
signаl.top,YES,signal.top,signal,а (U+0430) -> a (U+0061),Single-Character
signаl.vip,YES,signal.vip,signal,а (U+0430) -> a (U+0061),Single-Character
signаl.xyz,YES,signal.xyz,signal,а (U+0430) -> a (U+0061),Single-Character
spotifу.biz,YES,spotify.biz,spotify,у (U+0443) -> y (U+0079),Single-Character
spotifу.cc,YES,spotify.cc,spotify,у (U+0443) -> y (U+0079),Single-Character
spotifу.click,YES,spotify.dick,spotify,у (U+0443) -> y (U+0079); cl (U+0063 U+006C) -> d (U+0064),Single-Character; Composite (ASCII)
spotifу.co,YES,spotify.co,spotify,у (U+0443) -> y (U+0079),Single-Character
spotifу.com,YES,spotify.com,spotify,у (U+0443) -> y (U+0079),Single-Character
spotifу.info,YES,spotify.info,spotify,у (U+0443) -> y (U+0079),Single-Character
spotifу.net,YES,spotify.net,spotify,у (U+0443) -> y (U+0079),Single-Character
spotifу.online,YES,spotify.online,spotify,у (U+0443) -> y (U+0079),Single-Character
spotifу.org,YES,spotify.org,spotify,у (U+0443) -> y (U+0079),Single-Character
spotifу.site,YES,spotify.site,spotify,у (U+0443) -> y (U+0079),Single-Character
spotifу.store,YES,spotify.store,spotify,у (U+0443) -> y (U+0079),Single-Character
spotifу.vip,YES,spotify.vip,spotify,у (U+0443) -> y (U+0079),Single-Character
spotıfy.biz,YES,spotify.biz,spotify,ı (U+0131) -> i (U+0069),Single-Character (Twin)
spotıfy.cc,YES,spotify.cc,spotify,ı (U+0131) -> i (U+0069),Single-Character (Twin)
spotıfy.click,YES,spotify.dick,spotify,ı (U+0131) -> i (U+0069); cl (U+0063 U+006C) -> d (U+0064),Single-Character (Twin); Composite (ASCII)
spotıfy.co,YES,spotify.co,spotify,ı (U+0131) -> i (U+0069),Single-Character (Twin)
spotıfy.info,YES,spotify.info,spotify,ı (U+0131) -> i (U+0069),Single-Character (Twin)
spotıfy.net,YES,spotify.net,spotify,ı (U+0131) -> i (U+0069),Single-Character (Twin)
spotıfy.online,YES,spotify.online,spotify,ı (U+0131) -> i (U+0069),Single-Character (Twin)
spotıfy.org,YES,spotify.org,spotify,ı (U+0131) -> i (U+0069),Single-Character (Twin)
spotıfy.store,YES,spotify.store,spotify,ı (U+0131) -> i (U+0069),Single-Character (Twin)
spotıfy.top,YES,spotify.top,spotify,ı (U+0131) -> i (U+0069),Single-Character (Twin)
spotіfy.biz,YES,spotify.biz,spotify,і (U+0456) -> i (U+0069),Single-Character
spotіfy.click,YES,spotify.dick,spotify,і (U+0456) -> i (U+0069); cl (U+0063 U+006C) -> d (U+0064),Single-Character; Composite (ASCII)
spotіfy.online,YES,spotify.online,spotify,і (U+0456) -> i (U+0069),Single-Character
spotіfy.org,YES,spotify.org,spotify,і (U+0456) -> i (U+0069),Single-Character
spotіfy.top,YES,spotify.top,spotify,і (U+0456) -> i (U+0069),Single-Character
spotіfy.vip,YES,spotify.vip,spotify,і (U+0456) -> i (U+0069),Single-Character
spotіfy.xyz,YES,spotify.xyz,spotify,і (U+0456) -> i (U+0069),Single-Character
spоtify.biz,YES,spotify.biz,spotify,о (U+043E) -> o (U+006F),Single-Character
spоtify.click,YES,spotify.dick,spotify,о (U+043E) -> o (U+006F); cl (U+0063 U+006C) -> d (U+0064),Single-Character; Composite (ASCII)
spоtify.co,YES,spotify.co,spotify,о (U+043E) -> o (U+006F),Single-Character
spоtify.com,YES,spotify.com,spotify,о (U+043E) -> o (U+006F),Single-Character
spоtify.info,YES,spotify.info,spotify,о (U+043E) -> o (U+006F),Single-Character
spоtify.net,YES,spotify.net,spotify,о (U+043E) -> o (U+006F),Single-Character
spоtify.online,YES,spotify.online,spotify,о (U+043E) -> o (U+006F),Single-Character
spоtify.vip,YES,spotify.vip,spotify,о (U+043E) -> o (U+006F),Single-Character
spօtify.co,YES,spotify.co,spotify,օ (U+0585) -> o (U+006F),Single-Character
spօtify.net,YES,spotify.net,spotify,օ (U+0585) -> o (U+006F),Single-Character
spօtify.org,YES,spotify.org,spotify,օ (U+0585) -> o (U+006F),Single-Character
spօtify.site,YES,spotify.site,spotify,օ (U+0585) -> o (U+006F),Single-Character
spօtify.vip,YES,spotify.vip,spotify,օ (U+0585) -> o (U+006F),Single-Character
sp໐tify.click,YES,spotify.dick,spotify,໐ (U+0ED0) -> o (U+006F); cl (U+0063 U+006C) -> d (U+0064),Single-Character; Composite (ASCII)
sp໐tify.com,YES,spotify.com,spotify,໐ (U+0ED0) -> o (U+006F),Single-Character
sp໐tify.info,YES,spotify.info,spotify,໐ (U+0ED0) -> o (U+006F),Single-Character
sp໐tify.org,YES,spotify.org,spotify,໐ (U+0ED0) -> o (U+006F),Single-Character
sp໐tify.site,YES,spotify.site,spotify,໐ (U+0ED0) -> o (U+006F),Single-Character
sp໐tify.top,YES,spotify.top,spotify,໐ (U+0ED0) -> o (U+006F),Single-Character
sp໐tify.xyz,YES,spotify.xyz,spotify,໐ (U+0ED0) -> o (U+006F),Single-Character
stearn.biz,YES,steam.biz,steam,rn (U+0072 U+006E) -> m (U+006D),Composite (ASCII)
stearn.cc,YES,steam.cc,steam,rn (U+0072 U+006E) -> m (U+006D),Composite (ASCII)
stearn.click,YES,steam.dick,steam,rn (U+0072 U+006E) -> m (U+006D); cl (U+0063 U+006C) -> d (U+0064),Composite (ASCII)
stearn.co,YES,steam.co,steam,rn (U+0072 U+006E) -> m (U+006D),Composite (ASCII)
stearn.info,YES,steam.info,steam,rn (U+0072 U+006E) -> m (U+006D),Composite (ASCII)
stearn.net,YES,steam.net,steam,rn (U+0072 U+006E) -> m (U+006D),Composite (ASCII)
stearn.online,YES,steam.online,steam,rn (U+0072 U+006E) -> m (U+006D),Composite (ASCII)
stearn.org,YES,steam.org,steam,rn (U+0072 U+006E) -> m (U+006D),Composite (ASCII)
stearn.top,YES,steam.top,steam,rn (U+0072 U+006E) -> m (U+006D),Composite (ASCII)
stearn.vip,YES,steam.vip,steam,rn (U+0072 U+006E) -> m (U+006D),Composite (ASCII)
stearn.xyz,YES,steam.xyz,steam,rn (U+0072 U+006E) -> m (U+006D),Composite (ASCII)
steаm.biz,YES,steam.biz,steam,а (U+0430) -> a (U+0061),Single-Character
steаm.click,YES,steam.dick,steam,а (U+0430) -> a (U+0061); cl (U+0063 U+006C) -> d (U+0064),Single-Character; Composite (ASCII)
steаm.co,YES,steam.co,steam,а (U+0430) -> a (U+0061),Single-Character
steаm.com,YES,steam.com,steam,а (U+0430) -> a (U+0061),Single-Character
steаm.info,YES,steam.info,steam,а (U+0430) -> a (U+0061),Single-Character
steаm.net,YES,steam.net,steam,а (U+0430) -> a (U+0061),Single-Character
steаm.online,YES,steam.online,steam,а (U+0430) -> a (U+0061),Single-Character
steаm.org,YES,steam.org,steam,а (U+0430) -> a (U+0061),Single-Character
steаm.store,YES,steam.store,steam,а (U+0430) -> a (U+0061),Single-Character
steаm.top,YES,steam.top,steam,а (U+0430) -> a (U+0061),Single-Character
steаm.vip,YES,steam.vip,steam,а (U+0430) -> a (U+0061),Single-Character
steаm.xyz,YES,steam.xyz,steam,а (U+0430) -> a (U+0061),Single-Character
stèam.cc,YES,steam.cc,steam,,
stèam.click,YES,steam.dick,steam,cl (U+0063 U+006C) -> d (U+0064),Composite (ASCII)
stèam.info,YES,steam.info,steam,,
stèam.store,YES,steam.store,steam,,
stèam.top,YES,steam.top,steam,,
stèam.xyz,YES,steam.xyz,steam,,
stéam.biz,YES,steam.biz,steam,é (U+00E9) -> e (U+0065),Single-Character
stéam.cc,YES,steam.cc,steam,é (U+00E9) -> e (U+0065),Single-Character
stéam.click,YES,steam.dick,steam,é (U+00E9) -> e (U+0065); cl (U+0063 U+006C) -> d (U+0064),Single-Character; Composite (ASCII)
stéam.co,YES,steam.co,steam,é (U+00E9) -> e (U+0065),Single-Character
stéam.info,YES,steam.info,steam,é (U+00E9) -> e (U+0065),Single-Character
stéam.org,YES,steam.org,steam,é (U+00E9) -> e (U+0065),Single-Character
stéam.site,YES,steam.site,steam,é (U+00E9) -> e (U+0065),Single-Character
stéam.store,YES,steam.store,steam,é (U+00E9) -> e (U+0065),Single-Character
stéam.top,YES,steam.top,steam,é (U+00E9) -> e (U+0065),Single-Character
stéam.vip,YES,steam.vip,steam,é (U+00E9) -> e (U+0065),Single-Character
stéam.xyz,YES,steam.xyz,steam,é (U+00E9) -> e (U+0065),Single-Character
stеam.click,YES,steam.dick,steam,е (U+0435) -> e (U+0065); cl (U+0063 U+006C) -> d (U+0064),Single-Character; Composite (ASCII)
stеam.co,YES,steam.co,steam,е (U+0435) -> e (U+0065),Single-Character
stеam.info,YES,steam.info,steam,е (U+0435) -> e (U+0065),Single-Character
stеam.online,YES,steam.online,steam,е (U+0435) -> e (U+0065),Single-Character
stеam.org,YES,steam.org,steam,е (U+0435) -> e (U+0065),Single-Character
stеam.store,YES,steam.store,steam,е (U+0435) -> e (U+0065),Single-Character
stеam.vip,YES,steam.vip,steam,е (U+0435) -> e (U+0065),Single-Character
stеam.xyz,YES,steam.xyz,steam,е (U+0435) -> e (U+0065),Single-Character
sıgnal.cc,YES,signal.cc,signal,ı (U+0131) -> i (U+0069),Single-Character (Twin)
sıgnal.click,YES,signal.dick,signal,ı (U+0131) -> i (U+0069); cl (U+0063 U+006C) -> d (U+0064),Single-Character (Twin); Composite (ASCII)
sıgnal.co,YES,signal.co,signal,ı (U+0131) -> i (U+0069),Single-Character (Twin)
sıgnal.com,YES,signal.com,signal,ı (U+0131) -> i (U+0069),Single-Character (Twin)
sıgnal.net,YES,signal.net,signal,ı (U+0131) -> i (U+0069),Single-Character (Twin)
sıgnal.online,YES,signal.online,signal,ı (U+0131) -> i (U+0069),Single-Character (Twin)
sıgnal.org,YES,signal.org,signal,ı (U+0131) -> i (U+0069),Single-Character (Twin)
sıgnal.store,YES,signal.store,signal,ı (U+0131) -> i (U+0069),Single-Character (Twin)
sıgnal.top,YES,signal.top,signal,ı (U+0131) -> i (U+0069),Single-Character (Twin)
sıgnal.vip,YES,signal.vip,signal,ı (U+0131) -> i (U+0069),Single-Character (Twin)
sаmsung.biz,YES,samsung.biz,samsung,а (U+0430) -> a (U+0061),Single-Character
sаmsung.cc,YES,samsung.cc,samsung,а (U+0430) -> a (U+0061),Single-Character
sаmsung.click,YES,samsung.dick,samsung,а (U+0430) -> a (U+0061); cl (U+0063 U+006C) -> d (U+0064),Single-Character; Composite (ASCII)
sаmsung.co,YES,samsung.co,samsung,а (U+0430) -> a (U+0061),Single-Character
sаmsung.com,YES,samsung.com,samsung,а (U+0430) -> a (U+0061),Single-Character
sаmsung.info,YES,samsung.info,samsung,а (U+0430) -> a (U+0061),Single-Character
sаmsung.net,YES,samsung.net,samsung,а (U+0430) -> a (U+0061),Single-Character
sаmsung.online,YES,samsung.online,samsung,а (U+0430) -> a (U+0061),Single-Character
sаmsung.org,YES,samsung.org,samsung,а (U+0430) -> a (U+0061),Single-Character
sаmsung.site,YES,samsung.site,samsung,а (U+0430) -> a (U+0061),Single-Character
sаmsung.store,YES,samsung.store,samsung,а (U+0430) -> a (U+0061),Single-Character
sаmsung.top,YES,samsung.top,samsung,а (U+0430) -> a (U+0061),Single-Character
sаmsung.vip,YES,samsung.vip,samsung,а (U+0430) -> a (U+0061),Single-Character
sаmsung.xyz,YES,samsung.xyz,samsung,а (U+0430) -> a (U+0061),Single-Character
sрotify.biz,YES,spotify.biz,spotify,р (U+0440) -> p (U+0070),Single-Character
sрotify.cc,YES,spotify.cc,spotify,р (U+0440) -> p (U+0070),Single-Character
sрotify.click,YES,spotify.dick,spotify,р (U+0440) -> p (U+0070); cl (U+0063 U+006C) -> d (U+0064),Single-Character; Composite (ASCII)
sрotify.co,YES,spotify.co,spotify,р (U+0440) -> p (U+0070),Single-Character
sрotify.com,YES,spotify.com,spotify,р (U+0440) -> p (U+0070),Single-Character
sрotify.info,YES,spotify.info,spotify,р (U+0440) -> p (U+0070),Single-Character
sрotify.org,YES,spotify.org,spotify,р (U+0440) -> p (U+0070),Single-Character
sрotify.site,YES,spotify.site,spotify,р (U+0440) -> p (U+0070),Single-Character
sрotify.store,YES,spotify.store,spotify,р (U+0440) -> p (U+0070),Single-Character
sрotify.top,YES,spotify.top,spotify,р (U+0440) -> p (U+0070),Single-Character
sрotify.xyz,YES,spotify.xyz,spotify,р (U+0440) -> p (U+0070),Single-Character
sіgnal.biz,YES,signal.biz,signal,і (U+0456) -> i (U+0069),Single-Character
sіgnal.cc,YES,signal.cc,signal,і (U+0456) -> i (U+0069),Single-Character
sіgnal.click,YES,signal.dick,signal,і (U+0456) -> i (U+0069); cl (U+0063 U+006C) -> d (U+0064),Single-Character; Composite (ASCII)
sіgnal.co,YES,signal.co,signal,і (U+0456) -> i (U+0069),Single-Character
sіgnal.com,YES,signal.com,signal,і (U+0456) -> i (U+0069),Single-Character
sіgnal.info,YES,signal.info,signal,і (U+0456) -> i (U+0069),Single-Character
sіgnal.online,YES,signal.online,signal,і (U+0456) -> i (U+0069),Single-Character
sіgnal.org,YES,signal.org,signal,і (U+0456) -> i (U+0069),Single-Character
sіgnal.site,YES,signal.site,signal,і (U+0456) -> i (U+0069),Single-Character
sіgnal.top,YES,signal.top,signal,і (U+0456) -> i (U+0069),Single-Character
sіgnal.vip,YES,signal.vip,signal,і (U+0456) -> i (U+0069),Single-Character
sіgnal.xyz,YES,signal.xyz,signal,і (U+0456) -> i (U+0069),Single-Character
telegrarn.biz,YES,telegram.biz,telegram,rn (U+0072 U+006E) -> m (U+006D),Composite (ASCII)
telegrarn.cc,YES,telegram.cc,telegram,rn (U+0072 U+006E) -> m (U+006D),Composite (ASCII)
telegrarn.click,YES,telegram.dick,telegram,rn (U+0072 U+006E) -> m (U+006D); cl (U+0063 U+006C) -> d (U+0064),Composite (ASCII)
telegrarn.co,YES,telegram.co,telegram,rn (U+0072 U+006E) -> m (U+006D),Composite (ASCII)
telegrarn.com,YES,telegram.com,telegram,rn (U+0072 U+006E) -> m (U+006D),Composite (ASCII)
telegrarn.info,YES,telegram.info,telegram,rn (U+0072 U+006E) -> m (U+006D),Composite (ASCII)
telegrarn.online,YES,telegram.online,telegram,rn (U+0072 U+006E) -> m (U+006D),Composite (ASCII)
telegrarn.org,YES,telegram.org,telegram,rn (U+0072 U+006E) -> m (U+006D),Composite (ASCII)
telegrarn.site,YES,telegram.site,telegram,rn (U+0072 U+006E) -> m (U+006D),Composite (ASCII)
telegrarn.store,YES,telegram.store,telegram,rn (U+0072 U+006E) -> m (U+006D),Composite (ASCII)
telegrarn.top,YES,telegram.top,telegram,rn (U+0072 U+006E) -> m (U+006D),Composite (ASCII)
telegrarn.vip,YES,telegram.vip,telegram,rn (U+0072 U+006E) -> m (U+006D),Composite (ASCII)
telegrarn.xyz,YES,telegram.xyz,telegram,rn (U+0072 U+006E) -> m (U+006D),Composite (ASCII)
telegrаm.biz,YES,telegram.biz,telegram,а (U+0430) -> a (U+0061),Single-Character
telegrаm.cc,YES,telegram.cc,telegram,а (U+0430) -> a (U+0061),Single-Character
telegrаm.com,YES,telegram.com,telegram,а (U+0430) -> a (U+0061),Single-Character
telegrаm.info,YES,telegram.info,telegram,а (U+0430) -> a (U+0061),Single-Character
telegrаm.net,YES,telegram.net,telegram,а (U+0430) -> a (U+0061),Single-Character
telegrаm.online,YES,telegram.online,telegram,а (U+0430) -> a (U+0061),Single-Character
telegrаm.org,YES,telegram.org,telegram,а (U+0430) -> a (U+0061),Single-Character
telegrаm.site,YES,telegram.site,telegram,а (U+0430) -> a (U+0061),Single-Character
telegrаm.store,YES,telegram.store,telegram,а (U+0430) -> a (U+0061),Single-Character
telegrаm.top,YES,telegram.top,telegram,а (U+0430) -> a (U+0061),Single-Character
telegrаm.xyz,YES,telegram.xyz,telegram,а (U+0430) -> a (U+0061),Single-Character
telègram.click,YES,telegram.dick,telegram,cl (U+0063 U+006C) -> d (U+0064),Composite (ASCII)
telègram.com,YES,telegram.com,telegram,,
telègram.net,YES,telegram.net,telegram,,
telègram.top,YES,telegram.top,telegram,,
telégram.biz,YES,telegram.biz,telegram,é (U+00E9) -> e (U+0065),Single-Character
telégram.cc,YES,telegram.cc,telegram,é (U+00E9) -> e (U+0065),Single-Character
telégram.co,YES,telegram.co,telegram,é (U+00E9) -> e (U+0065),Single-Character
telégram.com,YES,telegram.com,telegram,é (U+00E9) -> e (U+0065),Single-Character
telégram.info,YES,telegram.info,telegram,é (U+00E9) -> e (U+0065),Single-Character
telégram.online,YES,telegram.online,telegram,é (U+00E9) -> e (U+0065),Single-Character
telégram.site,YES,telegram.site,telegram,é (U+00E9) -> e (U+0065),Single-Character
telégram.vip,YES,telegram.vip,telegram,é (U+00E9) -> e (U+0065),Single-Character
telеgram.cc,YES,telegram.cc,telegram,е (U+0435) -> e (U+0065),Single-Character
telеgram.online,YES,telegram.online,telegram,е (U+0435) -> e (U+0065),Single-Character
telеgram.org,YES,telegram.org,telegram,е (U+0435) -> e (U+0065),Single-Character
telеgram.top,YES,telegram.top,telegram,е (U+0435) -> e (U+0065),Single-Character
telеgram.vip,YES,telegram.vip,telegram,е (U+0435) -> e (U+0065),Single-Character
telеgram.xyz,YES,telegram.xyz,telegram,е (U+0435) -> e (U+0065),Single-Character
teslа.biz,YES,tesla.biz,tesla,а (U+0430) -> a (U+0061),Single-Character
teslа.cc,YES,tesla.cc,tesla,а (U+0430) -> a (U+0061),Single-Character
teslа.click,YES,tesla.dick,tesla,а (U+0430) -> a (U+0061); cl (U+0063 U+006C) -> d (U+0064),Single-Character; Composite (ASCII)
teslа.co,YES,tesla.co,tesla,а (U+0430) -> a (U+0061),Single-Character
teslа.com,YES,tesla.com,tesla,а (U+0430) -> a (U+0061),Single-Character
teslа.info,YES,tesla.info,tesla,а (U+0430) -> a (U+0061),Single-Character
teslа.online,YES,tesla.online,tesla,а (U+0430) -> a (U+0061),Single-Character
teslа.org,YES,tesla.org,tesla,а (U+0430) -> a (U+0061),Single-Character
teslа.site,YES,tesla.site,tesla,а (U+0430) -> a (U+0061),Single-Character
teslа.store,YES,tesla.store,tesla,а (U+0430) -> a (U+0061),Single-Character
teslа.top,YES,tesla.top,tesla,а (U+0430) -> a (U+0061),Single-Character
teslа.vip,YES,tesla.vip,tesla,а (U+0430) -> a (U+0061),Single-Character
teslа.xyz,YES,tesla.xyz,tesla,а (U+0430) -> a (U+0061),Single-Character
teѕla.biz,YES,tesla.biz,tesla,ѕ (U+0455) -> s (U+0073),Single-Character
teѕla.cc,YES,tesla.cc,tesla,ѕ (U+0455) -> s (U+0073),Single-Character
teѕla.click,YES,tesla.dick,tesla,ѕ (U+0455) -> s (U+0073); cl (U+0063 U+006C) -> d (U+0064),Single-Character; Composite (ASCII)
teѕla.co,YES,tesla.co,tesla,ѕ (U+0455) -> s (U+0073),Single-Character
teѕla.com,YES,tesla.com,tesla,ѕ (U+0455) -> s (U+0073),Single-Character
teѕla.info,YES,tesla.info,tesla,ѕ (U+0455) -> s (U+0073),Single-Character
teѕla.net,YES,tesla.net,tesla,ѕ (U+0455) -> s (U+0073),Single-Character
teѕla.online,YES,tesla.online,tesla,ѕ (U+0455) -> s (U+0073),Single-Character
teѕla.org,YES,tesla.org,tesla,ѕ (U+0455) -> s (U+0073),Single-Character
teѕla.site,YES,tesla.site,tesla,ѕ (U+0455) -> s (U+0073),Single-Character
teѕla.store,YES,tesla.store,tesla,ѕ (U+0455) -> s (U+0073),Single-Character
teѕla.top,YES,tesla.top,tesla,ѕ (U+0455) -> s (U+0073),Single-Character
teѕla.vip,YES,tesla.vip,tesla,ѕ (U+0455) -> s (U+0073),Single-Character
teѕla.xyz,YES,tesla.xyz,tesla,ѕ (U+0455) -> s (U+0073),Single-Character
tiktoḳ.com,YES,tiktok.com,tiktok,,
tiktоk.biz,YES,tiktok.biz,tiktok,о (U+043E) -> o (U+006F),Single-Character
tiktоk.click,YES,tiktok.dick,tiktok,о (U+043E) -> o (U+006F); cl (U+0063 U+006C) -> d (U+0064),Single-Character; Composite (ASCII)
tiktоk.co,YES,tiktok.co,tiktok,о (U+043E) -> o (U+006F),Single-Character
tiktоk.com,YES,tiktok.com,tiktok,о (U+043E) -> o (U+006F),Single-Character
tiktоk.info,YES,tiktok.info,tiktok,о (U+043E) -> o (U+006F),Single-Character
tiktоk.net,YES,tiktok.net,tiktok,о (U+043E) -> o (U+006F),Single-Character
tiktоk.online,YES,tiktok.online,tiktok,о (U+043E) -> o (U+006F),Single-Character
tiktоk.org,YES,tiktok.org,tiktok,о (U+043E) -> o (U+006F),Single-Character
tiktоk.site,YES,tiktok.site,tiktok,о (U+043E) -> o (U+006F),Single-Character
tiktоk.store,YES,tiktok.store,tiktok,о (U+043E) -> o (U+006F),Single-Character
tiktоk.top,YES,tiktok.top,tiktok,о (U+043E) -> o (U+006F),Single-Character
tiktоk.vip,YES,tiktok.vip,tiktok,о (U+043E) -> o (U+006F),Single-Character
tiktօk.biz,YES,tiktok.biz,tiktok,օ (U+0585) -> o (U+006F),Single-Character
tiktօk.cc,YES,tiktok.cc,tiktok,օ (U+0585) -> o (U+006F),Single-Character
tiktօk.click,YES,tiktok.dick,tiktok,օ (U+0585) -> o (U+006F); cl (U+0063 U+006C) -> d (U+0064),Single-Character; Composite (ASCII)
tiktօk.co,YES,tiktok.co,tiktok,օ (U+0585) -> o (U+006F),Single-Character
tiktօk.com,YES,tiktok.com,tiktok,օ (U+0585) -> o (U+006F),Single-Character
tiktօk.info,YES,tiktok.info,tiktok,օ (U+0585) -> o (U+006F),Single-Character
tiktօk.net,YES,tiktok.net,tiktok,օ (U+0585) -> o (U+006F),Single-Character
tiktօk.online,YES,tiktok.online,tiktok,օ (U+0585) -> o (U+006F),Single-Character
tiktօk.site,YES,tiktok.site,tiktok,օ (U+0585) -> o (U+006F),Single-Character
tiktօk.store,YES,tiktok.store,tiktok,օ (U+0585) -> o (U+006F),Single-Character
tiktօk.top,YES,tiktok.top,tiktok,օ (U+0585) -> o (U+006F),Single-Character
tiktօk.vip,YES,tiktok.vip,tiktok,օ (U+0585) -> o (U+006F),Single-Character
tiktօk.xyz,YES,tiktok.xyz,tiktok,օ (U+0585) -> o (U+006F),Single-Character
tikt໐k.click,YES,tiktok.dick,tiktok,໐ (U+0ED0) -> o (U+006F); cl (U+0063 U+006C) -> d (U+0064),Single-Character; Composite (ASCII)
tikt໐k.co,YES,tiktok.co,tiktok,໐ (U+0ED0) -> o (U+006F),Single-Character
tikt໐k.com,YES,tiktok.com,tiktok,໐ (U+0ED0) -> o (U+006F),Single-Character
tikt໐k.info,YES,tiktok.info,tiktok,໐ (U+0ED0) -> o (U+006F),Single-Character
tikt໐k.net,YES,tiktok.net,tiktok,໐ (U+0ED0) -> o (U+006F),Single-Character
tikt໐k.online,YES,tiktok.online,tiktok,໐ (U+0ED0) -> o (U+006F),Single-Character
tikt໐k.org,YES,tiktok.org,tiktok,໐ (U+0ED0) -> o (U+006F),Single-Character
tikt໐k.site,YES,tiktok.site,tiktok,໐ (U+0ED0) -> o (U+006F),Single-Character
tikt໐k.store,YES,tiktok.store,tiktok,໐ (U+0ED0) -> o (U+006F),Single-Character
tikt໐k.top,YES,tiktok.top,tiktok,໐ (U+0ED0) -> o (U+006F),Single-Character
tikt໐k.vip,YES,tiktok.vip,tiktok,໐ (U+0ED0) -> o (U+006F),Single-Character
tikt໐k.xyz,YES,tiktok.xyz,tiktok,໐ (U+0ED0) -> o (U+006F),Single-Character
tincler.biz,YES,tinder.biz,tinder,cl (U+0063 U+006C) -> d (U+0064),Composite (ASCII)
tincler.cc,YES,tinder.cc,tinder,cl (U+0063 U+006C) -> d (U+0064),Composite (ASCII)
tincler.click,YES,tinder.dick,tinder,cl (U+0063 U+006C) -> d (U+0064); cl (U+0063 U+006C) -> d (U+0064),Composite (ASCII)
tincler.co,YES,tinder.co,tinder,cl (U+0063 U+006C) -> d (U+0064),Composite (ASCII)
tincler.com,YES,tinder.com,tinder,cl (U+0063 U+006C) -> d (U+0064),Composite (ASCII)
tincler.info,YES,tinder.info,tinder,cl (U+0063 U+006C) -> d (U+0064),Composite (ASCII)
tincler.net,YES,tinder.net,tinder,cl (U+0063 U+006C) -> d (U+0064),Composite (ASCII)
tincler.online,YES,tinder.online,tinder,cl (U+0063 U+006C) -> d (U+0064),Composite (ASCII)
tincler.site,YES,tinder.site,tinder,cl (U+0063 U+006C) -> d (U+0064),Composite (ASCII)
tincler.store,YES,tinder.store,tinder,cl (U+0063 U+006C) -> d (U+0064),Composite (ASCII)
tincler.top,YES,tinder.top,tinder,cl (U+0063 U+006C) -> d (U+0064),Composite (ASCII)
tincler.vip,YES,tinder.vip,tinder,cl (U+0063 U+006C) -> d (U+0064),Composite (ASCII)
tincler.xyz,YES,tinder.xyz,tinder,cl (U+0063 U+006C) -> d (U+0064),Composite (ASCII)
tindèr.biz,YES,tinder.biz,tinder,,
tindèr.cc,YES,tinder.cc,tinder,,
tindèr.co,YES,tinder.co,tinder,,
tindèr.com,YES,tinder.com,tinder,,
tindèr.info,YES,tinder.info,tinder,,
tindèr.online,YES,tinder.online,tinder,,
tindèr.site,YES,tinder.site,tinder,,
tindèr.vip,YES,tinder.vip,tinder,,
tindèr.xyz,YES,tinder.xyz,tinder,,
tindér.biz,YES,tinder.biz,tinder,é (U+00E9) -> e (U+0065),Single-Character
tindér.cc,YES,tinder.cc,tinder,é (U+00E9) -> e (U+0065),Single-Character
tindér.click,YES,tinder.dick,tinder,é (U+00E9) -> e (U+0065); cl (U+0063 U+006C) -> d (U+0064),Single-Character; Composite (ASCII)
tindér.info,YES,tinder.info,tinder,é (U+00E9) -> e (U+0065),Single-Character
tindér.online,YES,tinder.online,tinder,é (U+00E9) -> e (U+0065),Single-Character
tindér.org,YES,tinder.org,tinder,é (U+00E9) -> e (U+0065),Single-Character
tindér.top,YES,tinder.top,tinder,é (U+00E9) -> e (U+0065),Single-Character
tindér.xyz,YES,tinder.xyz,tinder,é (U+00E9) -> e (U+0065),Single-Character
tindеr.biz,YES,tinder.biz,tinder,е (U+0435) -> e (U+0065),Single-Character
tindеr.cc,YES,tinder.cc,tinder,е (U+0435) -> e (U+0065),Single-Character
tindеr.click,YES,tinder.dick,tinder,е (U+0435) -> e (U+0065); cl (U+0063 U+006C) -> d (U+0064),Single-Character; Composite (ASCII)
tindеr.com,YES,tinder.com,tinder,е (U+0435) -> e (U+0065),Single-Character
tindеr.info,YES,tinder.info,tinder,е (U+0435) -> e (U+0065),Single-Character
tindеr.net,YES,tinder.net,tinder,е (U+0435) -> e (U+0065),Single-Character
tindеr.org,YES,tinder.org,tinder,е (U+0435) -> e (U+0065),Single-Character
tindеr.top,YES,tinder.top,tinder,е (U+0435) -> e (U+0065),Single-Character
tindеr.vip,YES,tinder.vip,tinder,е (U+0435) -> e (U+0065),Single-Character
tindеr.xyz,YES,tinder.xyz,tinder,е (U+0435) -> e (U+0065),Single-Character
trezоr.biz,YES,trezor.biz,trezor,о (U+043E) -> o (U+006F),Single-Character
trezоr.click,YES,trezor.dick,trezor,о (U+043E) -> o (U+006F); cl (U+0063 U+006C) -> d (U+0064),Single-Character; Composite (ASCII)
trezоr.co,YES,trezor.co,trezor,о (U+043E) -> o (U+006F),Single-Character
trezоr.com,YES,trezor.com,trezor,о (U+043E) -> o (U+006F),Single-Character
trezоr.info,YES,trezor.info,trezor,о (U+043E) -> o (U+006F),Single-Character
trezоr.net,YES,trezor.net,trezor,о (U+043E) -> o (U+006F),Single-Character
trezоr.online,YES,trezor.online,trezor,о (U+043E) -> o (U+006F),Single-Character
trezоr.site,YES,trezor.site,trezor,о (U+043E) -> o (U+006F),Single-Character
trezоr.top,YES,trezor.top,trezor,о (U+043E) -> o (U+006F),Single-Character
trezоr.vip,YES,trezor.vip,trezor,о (U+043E) -> o (U+006F),Single-Character
trezօr.cc,YES,trezor.cc,trezor,օ (U+0585) -> o (U+006F),Single-Character
trezօr.click,YES,trezor.dick,trezor,օ (U+0585) -> o (U+006F); cl (U+0063 U+006C) -> d (U+0064),Single-Character; Composite (ASCII)
trezօr.co,YES,trezor.co,trezor,օ (U+0585) -> o (U+006F),Single-Character
trezօr.com,YES,trezor.com,trezor,օ (U+0585) -> o (U+006F),Single-Character
trezօr.info,YES,trezor.info,trezor,օ (U+0585) -> o (U+006F),Single-Character
trezօr.org,YES,trezor.org,trezor,օ (U+0585) -> o (U+006F),Single-Character
trezօr.site,YES,trezor.site,trezor,օ (U+0585) -> o (U+006F),Single-Character
trezօr.store,YES,trezor.store,trezor,օ (U+0585) -> o (U+006F),Single-Character
trezօr.vip,YES,trezor.vip,trezor,օ (U+0585) -> o (U+006F),Single-Character
trezօr.xyz,YES,trezor.xyz,trezor,օ (U+0585) -> o (U+006F),Single-Character
trez໐r.biz,YES,trezor.biz,trezor,໐ (U+0ED0) -> o (U+006F),Single-Character
trez໐r.cc,YES,trezor.cc,trezor,໐ (U+0ED0) -> o (U+006F),Single-Character
trez໐r.click,YES,trezor.dick,trezor,໐ (U+0ED0) -> o (U+006F); cl (U+0063 U+006C) -> d (U+0064),Single-Character; Composite (ASCII)
trez໐r.co,YES,trezor.co,trezor,໐ (U+0ED0) -> o (U+006F),Single-Character
trez໐r.info,YES,trezor.info,trezor,໐ (U+0ED0) -> o (U+006F),Single-Character
trez໐r.net,YES,trezor.net,trezor,໐ (U+0ED0) -> o (U+006F),Single-Character
trez໐r.online,YES,trezor.online,trezor,໐ (U+0ED0) -> o (U+006F),Single-Character
trez໐r.org,YES,trezor.org,trezor,໐ (U+0ED0) -> o (U+006F),Single-Character
trez໐r.site,YES,trezor.site,trezor,໐ (U+0ED0) -> o (U+006F),Single-Character
trez໐r.store,YES,trezor.store,trezor,໐ (U+0ED0) -> o (U+006F),Single-Character
trez໐r.top,YES,trezor.top,trezor,໐ (U+0ED0) -> o (U+006F),Single-Character
trez໐r.vip,YES,trezor.vip,trezor,໐ (U+0ED0) -> o (U+006F),Single-Character
trez໐r.xyz,YES,trezor.xyz,trezor,໐ (U+0ED0) -> o (U+006F),Single-Character
trèzor.biz,YES,trezor.biz,trezor,,
trèzor.cc,YES,trezor.cc,trezor,,
trèzor.co,YES,trezor.co,trezor,,
trèzor.com,YES,trezor.com,trezor,,
trèzor.info,YES,trezor.info,trezor,,
trèzor.net,YES,trezor.net,trezor,,
trèzor.org,YES,trezor.org,trezor,,
trèzor.site,YES,trezor.site,trezor,,
trèzor.store,YES,trezor.store,trezor,,
trèzor.top,YES,trezor.top,trezor,,
trèzor.vip,YES,trezor.vip,trezor,,
trèzor.xyz,YES,trezor.xyz,trezor,,
trézor.cc,YES,trezor.cc,trezor,é (U+00E9) -> e (U+0065),Single-Character
trézor.co,YES,trezor.co,trezor,é (U+00E9) -> e (U+0065),Single-Character
trézor.info,YES,trezor.info,trezor,é (U+00E9) -> e (U+0065),Single-Character
trézor.net,YES,trezor.net,trezor,é (U+00E9) -> e (U+0065),Single-Character
trézor.online,YES,trezor.online,trezor,é (U+00E9) -> e (U+0065),Single-Character
trézor.org,YES,trezor.org,trezor,é (U+00E9) -> e (U+0065),Single-Character
trézor.top,YES,trezor.top,trezor,é (U+00E9) -> e (U+0065),Single-Character
trézor.xyz,YES,trezor.xyz,trezor,é (U+00E9) -> e (U+0065),Single-Character
trеzor.biz,YES,trezor.biz,trezor,е (U+0435) -> e (U+0065),Single-Character
trеzor.cc,YES,trezor.cc,trezor,е (U+0435) -> e (U+0065),Single-Character
trеzor.click,YES,trezor.dick,trezor,е (U+0435) -> e (U+0065); cl (U+0063 U+006C) -> d (U+0064),Single-Character; Composite (ASCII)
trеzor.co,YES,trezor.co,trezor,е (U+0435) -> e (U+0065),Single-Character
trеzor.com,YES,trezor.com,trezor,е (U+0435) -> e (U+0065),Single-Character
trеzor.info,YES,trezor.info,trezor,е (U+0435) -> e (U+0065),Single-Character
trеzor.net,YES,trezor.net,trezor,е (U+0435) -> e (U+0065),Single-Character
trеzor.site,YES,trezor.site,trezor,е (U+0435) -> e (U+0065),Single-Character
trеzor.store,YES,trezor.store,trezor,е (U+0435) -> e (U+0065),Single-Character
trеzor.xyz,YES,trezor.xyz,trezor,е (U+0435) -> e (U+0065),Single-Character
tvvitch.biz,YES,twitch.biz,twitch,vv (U+0076 U+0076) -> w (U+0077),Composite (ASCII)
tvvitch.cc,YES,twitch.cc,twitch,vv (U+0076 U+0076) -> w (U+0077),Composite (ASCII)
tvvitch.click,YES,twitch.dick,twitch,vv (U+0076 U+0076) -> w (U+0077); cl (U+0063 U+006C) -> d (U+0064),Composite (ASCII)
tvvitch.co,YES,twitch.co,twitch,vv (U+0076 U+0076) -> w (U+0077),Composite (ASCII)
tvvitch.com,YES,twitch.com,twitch,vv (U+0076 U+0076) -> w (U+0077),Composite (ASCII)
tvvitch.info,YES,twitch.info,twitch,vv (U+0076 U+0076) -> w (U+0077),Composite (ASCII)
tvvitch.net,YES,twitch.net,twitch,vv (U+0076 U+0076) -> w (U+0077),Composite (ASCII)
tvvitch.online,YES,twitch.online,twitch,vv (U+0076 U+0076) -> w (U+0077),Composite (ASCII)
tvvitch.site,YES,twitch.site,twitch,vv (U+0076 U+0076) -> w (U+0077),Composite (ASCII)
tvvitch.store,YES,twitch.store,twitch,vv (U+0076 U+0076) -> w (U+0077),Composite (ASCII)
tvvitch.top,YES,twitch.top,twitch,vv (U+0076 U+0076) -> w (U+0077),Composite (ASCII)
tvvitch.vip,YES,twitch.vip,twitch,vv (U+0076 U+0076) -> w (U+0077),Composite (ASCII)
tvvitch.xyz,YES,twitch.xyz,twitch,vv (U+0076 U+0076) -> w (U+0077),Composite (ASCII)
tvvitter.biz,YES,twitter.biz,twitter,vv (U+0076 U+0076) -> w (U+0077),Composite (ASCII)
tvvitter.cc,YES,twitter.cc,twitter,vv (U+0076 U+0076) -> w (U+0077),Composite (ASCII)
tvvitter.click,YES,twitter.dick,twitter,vv (U+0076 U+0076) -> w (U+0077); cl (U+0063 U+006C) -> d (U+0064),Composite (ASCII)
tvvitter.co,YES,twitter.co,twitter,vv (U+0076 U+0076) -> w (U+0077),Composite (ASCII)
tvvitter.com,YES,twitter.com,twitter,vv (U+0076 U+0076) -> w (U+0077),Composite (ASCII)
tvvitter.info,YES,twitter.info,twitter,vv (U+0076 U+0076) -> w (U+0077),Composite (ASCII)
tvvitter.net,YES,twitter.net,twitter,vv (U+0076 U+0076) -> w (U+0077),Composite (ASCII)
tvvitter.online,YES,twitter.online,twitter,vv (U+0076 U+0076) -> w (U+0077),Composite (ASCII)
tvvitter.org,YES,twitter.org,twitter,vv (U+0076 U+0076) -> w (U+0077),Composite (ASCII)
tvvitter.site,YES,twitter.site,twitter,vv (U+0076 U+0076) -> w (U+0077),Composite (ASCII)
tvvitter.store,YES,twitter.store,twitter,vv (U+0076 U+0076) -> w (U+0077),Composite (ASCII)
tvvitter.top,YES,twitter.top,twitter,vv (U+0076 U+0076) -> w (U+0077),Composite (ASCII)
tvvitter.vip,YES,twitter.vip,twitter,vv (U+0076 U+0076) -> w (U+0077),Composite (ASCII)
tvvitter.xyz,YES,twitter.xyz,twitter,vv (U+0076 U+0076) -> w (U+0077),Composite (ASCII)
twittèr.biz,YES,twitter.biz,twitter,,
twittèr.cc,YES,twitter.cc,twitter,,
twittèr.click,YES,twitter.dick,twitter,cl (U+0063 U+006C) -> d (U+0064),Composite (ASCII)
twittèr.co,YES,twitter.co,twitter,,
twittèr.com,YES,twitter.com,twitter,,
twittèr.info,YES,twitter.info,twitter,,
twittèr.net,YES,twitter.net,twitter,,
twittèr.org,YES,twitter.org,twitter,,
twittèr.site,YES,twitter.site,twitter,,
twittèr.top,YES,twitter.top,twitter,,
twittèr.vip,YES,twitter.vip,twitter,,
twittèr.xyz,YES,twitter.xyz,twitter,,
twittér.biz,YES,twitter.biz,twitter,é (U+00E9) -> e (U+0065),Single-Character
twittér.cc,YES,twitter.cc,twitter,é (U+00E9) -> e (U+0065),Single-Character
twittér.click,YES,twitter.dick,twitter,é (U+00E9) -> e (U+0065); cl (U+0063 U+006C) -> d (U+0064),Single-Character; Composite (ASCII)
twittér.co,YES,twitter.co,twitter,é (U+00E9) -> e (U+0065),Single-Character
twittér.com,YES,twitter.com,twitter,é (U+00E9) -> e (U+0065),Single-Character
twittér.info,YES,twitter.info,twitter,é (U+00E9) -> e (U+0065),Single-Character
twittér.net,YES,twitter.net,twitter,é (U+00E9) -> e (U+0065),Single-Character
twittér.org,YES,twitter.org,twitter,é (U+00E9) -> e (U+0065),Single-Character
twittér.site,YES,twitter.site,twitter,é (U+00E9) -> e (U+0065),Single-Character
twittér.vip,YES,twitter.vip,twitter,é (U+00E9) -> e (U+0065),Single-Character
twittér.xyz,YES,twitter.xyz,twitter,é (U+00E9) -> e (U+0065),Single-Character
twittеr.cc,YES,twitter.cc,twitter,е (U+0435) -> e (U+0065),Single-Character
twittеr.click,YES,twitter.dick,twitter,е (U+0435) -> e (U+0065); cl (U+0063 U+006C) -> d (U+0064),Single-Character; Composite (ASCII)
twittеr.co,YES,twitter.co,twitter,е (U+0435) -> e (U+0065),Single-Character
twittеr.com,YES,twitter.com,twitter,е (U+0435) -> e (U+0065),Single-Character
twittеr.info,YES,twitter.info,twitter,е (U+0435) -> e (U+0065),Single-Character
twittеr.online,YES,twitter.online,twitter,е (U+0435) -> e (U+0065),Single-Character
twittеr.site,YES,twitter.site,twitter,е (U+0435) -> e (U+0065),Single-Character
twittеr.store,YES,twitter.store,twitter,е (U+0435) -> e (U+0065),Single-Character
twittеr.xyz,YES,twitter.xyz,twitter,е (U+0435) -> e (U+0065),Single-Character
twitсh.biz,YES,twitch.biz,twitch,с (U+0441) -> c (U+0063),Single-Character
twitсh.co,YES,twitch.co,twitch,с (U+0441) -> c (U+0063),Single-Character
twitсh.com,YES,twitch.com,twitch,с (U+0441) -> c (U+0063),Single-Character
twitсh.info,YES,twitch.info,twitch,с (U+0441) -> c (U+0063),Single-Character
twitсh.online,YES,twitch.online,twitch,с (U+0441) -> c (U+0063),Single-Character
twitсh.site,YES,twitch.site,twitch,с (U+0441) -> c (U+0063),Single-Character
twitсh.store,YES,twitch.store,twitch,с (U+0441) -> c (U+0063),Single-Character
twitсh.top,YES,twitch.top,twitch,с (U+0441) -> c (U+0063),Single-Character
twitсh.vip,YES,twitch.vip,twitch,с (U+0441) -> c (U+0063),Single-Character
twitсh.xyz,YES,twitch.xyz,twitch,с (U+0441) -> c (U+0063),Single-Character
twitⲥh.biz,YES,twitch.biz,twitch,ⲥ (U+2CA5) -> c (U+0063),Single-Character
twitⲥh.cc,YES,twitch.cc,twitch,ⲥ (U+2CA5) -> c (U+0063),Single-Character
twitⲥh.click,YES,twitch.dick,twitch,ⲥ (U+2CA5) -> c (U+0063); cl (U+0063 U+006C) -> d (U+0064),Single-Character; Composite (ASCII)
twitⲥh.co,YES,twitch.co,twitch,ⲥ (U+2CA5) -> c (U+0063),Single-Character
twitⲥh.com,YES,twitch.com,twitch,ⲥ (U+2CA5) -> c (U+0063),Single-Character
twitⲥh.info,YES,twitch.info,twitch,ⲥ (U+2CA5) -> c (U+0063),Single-Character
twitⲥh.net,YES,twitch.net,twitch,ⲥ (U+2CA5) -> c (U+0063),Single-Character
twitⲥh.org,YES,twitch.org,twitch,ⲥ (U+2CA5) -> c (U+0063),Single-Character
twitⲥh.site,YES,twitch.site,twitch,ⲥ (U+2CA5) -> c (U+0063),Single-Character
twitⲥh.store,YES,twitch.store,twitch,ⲥ (U+2CA5) -> c (U+0063),Single-Character
twitⲥh.top,YES,twitch.top,twitch,ⲥ (U+2CA5) -> c (U+0063),Single-Character
twıtch.biz,YES,twitch.biz,twitch,ı (U+0131) -> i (U+0069),Single-Character (Twin)
twıtch.cc,YES,twitch.cc,twitch,ı (U+0131) -> i (U+0069),Single-Character (Twin)
twıtch.click,YES,twitch.dick,twitch,ı (U+0131) -> i (U+0069); cl (U+0063 U+006C) -> d (U+0064),Single-Character (Twin); Composite (ASCII)
twıtch.com,YES,twitch.com,twitch,ı (U+0131) -> i (U+0069),Single-Character (Twin)
twıtch.info,YES,twitch.info,twitch,ı (U+0131) -> i (U+0069),Single-Character (Twin)
twıtch.net,YES,twitch.net,twitch,ı (U+0131) -> i (U+0069),Single-Character (Twin)
twıtch.online,YES,twitch.online,twitch,ı (U+0131) -> i (U+0069),Single-Character (Twin)
twıtch.store,YES,twitch.store,twitch,ı (U+0131) -> i (U+0069),Single-Character (Twin)
twıtch.top,YES,twitch.top,twitch,ı (U+0131) -> i (U+0069),Single-Character (Twin)
twıtch.vip,YES,twitch.vip,twitch,ı (U+0131) -> i (U+0069),Single-Character (Twin)
twıtter.biz,YES,twitter.biz,twitter,ı (U+0131) -> i (U+0069),Single-Character (Twin)
twıtter.cc,YES,twitter.cc,twitter,ı (U+0131) -> i (U+0069),Single-Character (Twin)
twıtter.com,YES,twitter.com,twitter,ı (U+0131) -> i (U+0069),Single-Character (Twin)
twıtter.info,YES,twitter.info,twitter,ı (U+0131) -> i (U+0069),Single-Character (Twin)
twıtter.net,YES,twitter.net,twitter,ı (U+0131) -> i (U+0069),Single-Character (Twin)
twıtter.online,YES,twitter.online,twitter,ı (U+0131) -> i (U+0069),Single-Character (Twin)
twıtter.org,YES,twitter.org,twitter,ı (U+0131) -> i (U+0069),Single-Character (Twin)
twıtter.site,YES,twitter.site,twitter,ı (U+0131) -> i (U+0069),Single-Character (Twin)
twıtter.store,YES,twitter.store,twitter,ı (U+0131) -> i (U+0069),Single-Character (Twin)
twıtter.top,YES,twitter.top,twitter,ı (U+0131) -> i (U+0069),Single-Character (Twin)
twıtter.xyz,YES,twitter.xyz,twitter,ı (U+0131) -> i (U+0069),Single-Character (Twin)
twіtch.biz,YES,twitch.biz,twitch,і (U+0456) -> i (U+0069),Single-Character
twіtch.cc,YES,twitch.cc,twitch,і (U+0456) -> i (U+0069),Single-Character
twіtch.click,YES,twitch.dick,twitch,і (U+0456) -> i (U+0069); cl (U+0063 U+006C) -> d (U+0064),Single-Character; Composite (ASCII)
twіtch.co,YES,twitch.co,twitch,і (U+0456) -> i (U+0069),Single-Character
twіtch.com,YES,twitch.com,twitch,і (U+0456) -> i (U+0069),Single-Character
twіtch.net,YES,twitch.net,twitch,і (U+0456) -> i (U+0069),Single-Character
twіtch.online,YES,twitch.online,twitch,і (U+0456) -> i (U+0069),Single-Character
twіtch.org,YES,twitch.org,twitch,і (U+0456) -> i (U+0069),Single-Character
twіtch.site,YES,twitch.site,twitch,і (U+0456) -> i (U+0069),Single-Character
twіtch.store,YES,twitch.store,twitch,і (U+0456) -> i (U+0069),Single-Character
twіtch.vip,YES,twitch.vip,twitch,і (U+0456) -> i (U+0069),Single-Character
twіtter.biz,YES,twitter.biz,twitter,і (U+0456) -> i (U+0069),Single-Character
twіtter.cc,YES,twitter.cc,twitter,і (U+0456) -> i (U+0069),Single-Character
twіtter.click,YES,twitter.dick,twitter,і (U+0456) -> i (U+0069); cl (U+0063 U+006C) -> d (U+0064),Single-Character; Composite (ASCII)
twіtter.com,YES,twitter.com,twitter,і (U+0456) -> i (U+0069),Single-Character
twіtter.net,YES,twitter.net,twitter,і (U+0456) -> i (U+0069),Single-Character
twіtter.online,YES,twitter.online,twitter,і (U+0456) -> i (U+0069),Single-Character
twіtter.org,YES,twitter.org,twitter,і (U+0456) -> i (U+0069),Single-Character
twіtter.store,YES,twitter.store,twitter,і (U+0456) -> i (U+0069),Single-Character
twіtter.top,YES,twitter.top,twitter,і (U+0456) -> i (U+0069),Single-Character
twіtter.vip,YES,twitter.vip,twitter,і (U+0456) -> i (U+0069),Single-Character
tèlegram.cc,YES,telegram.cc,telegram,,
tèlegram.click,YES,telegram.dick,telegram,cl (U+0063 U+006C) -> d (U+0064),Composite (ASCII)
tèlegram.co,YES,telegram.co,telegram,,
tèlegram.info,YES,telegram.info,telegram,,
tèlegram.org,YES,telegram.org,telegram,,
tèlegram.store,YES,telegram.store,telegram,,
tèlegram.top,YES,telegram.top,telegram,,
tèlegram.vip,YES,telegram.vip,telegram,,
tèlegram.xyz,YES,telegram.xyz,telegram,,
tèsla.biz,YES,tesla.biz,tesla,,
tèsla.cc,YES,tesla.cc,tesla,,
tèsla.click,YES,tesla.dick,tesla,cl (U+0063 U+006C) -> d (U+0064),Composite (ASCII)
tèsla.co,YES,tesla.co,tesla,,
tèsla.com,YES,tesla.com,tesla,,
tèsla.info,YES,tesla.info,tesla,,
tèsla.net,YES,tesla.net,tesla,,
tèsla.online,YES,tesla.online,tesla,,
tèsla.site,YES,tesla.site,tesla,,
tèsla.vip,YES,tesla.vip,tesla,,
tèsla.xyz,YES,tesla.xyz,tesla,,
télegram.biz,YES,telegram.biz,telegram,é (U+00E9) -> e (U+0065),Single-Character
télegram.cc,YES,telegram.cc,telegram,é (U+00E9) -> e (U+0065),Single-Character
télegram.com,YES,telegram.com,telegram,é (U+00E9) -> e (U+0065),Single-Character
télegram.online,YES,telegram.online,telegram,é (U+00E9) -> e (U+0065),Single-Character
télegram.org,YES,telegram.org,telegram,é (U+00E9) -> e (U+0065),Single-Character
télegram.store,YES,telegram.store,telegram,é (U+00E9) -> e (U+0065),Single-Character
télegram.top,YES,telegram.top,telegram,é (U+00E9) -> e (U+0065),Single-Character
télegram.xyz,YES,telegram.xyz,telegram,é (U+00E9) -> e (U+0065),Single-Character
tésla.biz,YES,tesla.biz,tesla,é (U+00E9) -> e (U+0065),Single-Character
tésla.cc,YES,tesla.cc,tesla,é (U+00E9) -> e (U+0065),Single-Character
tésla.com,YES,tesla.com,tesla,é (U+00E9) -> e (U+0065),Single-Character
tésla.info,YES,tesla.info,tesla,é (U+00E9) -> e (U+0065),Single-Character
tésla.net,YES,tesla.net,tesla,é (U+00E9) -> e (U+0065),Single-Character
tésla.online,YES,tesla.online,tesla,é (U+00E9) -> e (U+0065),Single-Character
tésla.store,YES,tesla.store,tesla,é (U+00E9) -> e (U+0065),Single-Character
tésla.vip,YES,tesla.vip,tesla,é (U+00E9) -> e (U+0065),Single-Character
tésla.xyz,YES,tesla.xyz,tesla,é (U+00E9) -> e (U+0065),Single-Character
tıktok.biz,YES,tiktok.biz,tiktok,ı (U+0131) -> i (U+0069),Single-Character (Twin)
tıktok.cc,YES,tiktok.cc,tiktok,ı (U+0131) -> i (U+0069),Single-Character (Twin)
tıktok.click,YES,tiktok.dick,tiktok,ı (U+0131) -> i (U+0069); cl (U+0063 U+006C) -> d (U+0064),Single-Character (Twin); Composite (ASCII)
tıktok.co,YES,tiktok.co,tiktok,ı (U+0131) -> i (U+0069),Single-Character (Twin)
tıktok.com,YES,tiktok.com,tiktok,ı (U+0131) -> i (U+0069),Single-Character (Twin)
tıktok.info,YES,tiktok.info,tiktok,ı (U+0131) -> i (U+0069),Single-Character (Twin)
tıktok.net,YES,tiktok.net,tiktok,ı (U+0131) -> i (U+0069),Single-Character (Twin)
tıktok.online,YES,tiktok.online,tiktok,ı (U+0131) -> i (U+0069),Single-Character (Twin)
tıktok.org,YES,tiktok.org,tiktok,ı (U+0131) -> i (U+0069),Single-Character (Twin)
tıktok.site,YES,tiktok.site,tiktok,ı (U+0131) -> i (U+0069),Single-Character (Twin)
tıktok.top,YES,tiktok.top,tiktok,ı (U+0131) -> i (U+0069),Single-Character (Twin)
tıktok.vip,YES,tiktok.vip,tiktok,ı (U+0131) -> i (U+0069),Single-Character (Twin)
tıktok.xyz,YES,tiktok.xyz,tiktok,ı (U+0131) -> i (U+0069),Single-Character (Twin)
tınder.biz,YES,tinder.biz,tinder,ı (U+0131) -> i (U+0069),Single-Character (Twin)
tınder.cc,YES,tinder.cc,tinder,ı (U+0131) -> i (U+0069),Single-Character (Twin)
tınder.click,YES,tinder.dick,tinder,ı (U+0131) -> i (U+0069); cl (U+0063 U+006C) -> d (U+0064),Single-Character (Twin); Composite (ASCII)
tınder.co,YES,tinder.co,tinder,ı (U+0131) -> i (U+0069),Single-Character (Twin)
tınder.info,YES,tinder.info,tinder,ı (U+0131) -> i (U+0069),Single-Character (Twin)
tınder.online,YES,tinder.online,tinder,ı (U+0131) -> i (U+0069),Single-Character (Twin)
tınder.org,YES,tinder.org,tinder,ı (U+0131) -> i (U+0069),Single-Character (Twin)
tınder.site,YES,tinder.site,tinder,ı (U+0131) -> i (U+0069),Single-Character (Twin)
tınder.store,YES,tinder.store,tinder,ı (U+0131) -> i (U+0069),Single-Character (Twin)
tınder.vip,YES,tinder.vip,tinder,ı (U+0131) -> i (U+0069),Single-Character (Twin)
tınder.xyz,YES,tinder.xyz,tinder,ı (U+0131) -> i (U+0069),Single-Character (Twin)
tеlegram.biz,YES,telegram.biz,telegram,е (U+0435) -> e (U+0065),Single-Character
tеlegram.click,YES,telegram.dick,telegram,е (U+0435) -> e (U+0065); cl (U+0063 U+006C) -> d (U+0064),Single-Character; Composite (ASCII)
tеlegram.com,YES,telegram.com,telegram,е (U+0435) -> e (U+0065),Single-Character
tеlegram.info,YES,telegram.info,telegram,е (U+0435) -> e (U+0065),Single-Character
tеlegram.org,YES,telegram.org,telegram,е (U+0435) -> e (U+0065),Single-Character
tеlegram.store,YES,telegram.store,telegram,е (U+0435) -> e (U+0065),Single-Character
tеsla.biz,YES,tesla.biz,tesla,е (U+0435) -> e (U+0065),Single-Character
tеsla.cc,YES,tesla.cc,tesla,е (U+0435) -> e (U+0065),Single-Character
tеsla.co,YES,tesla.co,tesla,е (U+0435) -> e (U+0065),Single-Character
tеsla.info,YES,tesla.info,tesla,е (U+0435) -> e (U+0065),Single-Character
tеsla.net,YES,tesla.net,tesla,е (U+0435) -> e (U+0065),Single-Character
tеsla.org,YES,tesla.org,tesla,е (U+0435) -> e (U+0065),Single-Character
tеsla.site,YES,tesla.site,tesla,е (U+0435) -> e (U+0065),Single-Character
tеsla.store,YES,tesla.store,tesla,е (U+0435) -> e (U+0065),Single-Character
tеsla.top,YES,tesla.top,tesla,е (U+0435) -> e (U+0065),Single-Character
tеsla.vip,YES,tesla.vip,tesla,е (U+0435) -> e (U+0065),Single-Character
tеsla.xyz,YES,tesla.xyz,tesla,е (U+0435) -> e (U+0065),Single-Character
tіktok.biz,YES,tiktok.biz,tiktok,і (U+0456) -> i (U+0069),Single-Character
tіktok.cc,YES,tiktok.cc,tiktok,і (U+0456) -> i (U+0069),Single-Character
tіktok.click,YES,tiktok.dick,tiktok,і (U+0456) -> i (U+0069); cl (U+0063 U+006C) -> d (U+0064),Single-Character; Composite (ASCII)
tіktok.co,YES,tiktok.co,tiktok,і (U+0456) -> i (U+0069),Single-Character
tіktok.com,YES,tiktok.com,tiktok,і (U+0456) -> i (U+0069),Single-Character
tіktok.info,YES,tiktok.info,tiktok,і (U+0456) -> i (U+0069),Single-Character
tіktok.net,YES,tiktok.net,tiktok,і (U+0456) -> i (U+0069),Single-Character
tіktok.online,YES,tiktok.online,tiktok,і (U+0456) -> i (U+0069),Single-Character
tіktok.org,YES,tiktok.org,tiktok,і (U+0456) -> i (U+0069),Single-Character
tіktok.top,YES,tiktok.top,tiktok,і (U+0456) -> i (U+0069),Single-Character
tіktok.vip,YES,tiktok.vip,tiktok,і (U+0456) -> i (U+0069),Single-Character
tіktok.xyz,YES,tiktok.xyz,tiktok,і (U+0456) -> i (U+0069),Single-Character
tіnder.biz,YES,tinder.biz,tinder,і (U+0456) -> i (U+0069),Single-Character
tіnder.cc,YES,tinder.cc,tinder,і (U+0456) -> i (U+0069),Single-Character
tіnder.click,YES,tinder.dick,tinder,і (U+0456) -> i (U+0069); cl (U+0063 U+006C) -> d (U+0064),Single-Character; Composite (ASCII)
tіnder.co,YES,tinder.co,tinder,і (U+0456) -> i (U+0069),Single-Character
tіnder.com,YES,tinder.com,tinder,і (U+0456) -> i (U+0069),Single-Character
tіnder.info,YES,tinder.info,tinder,і (U+0456) -> i (U+0069),Single-Character
tіnder.net,YES,tinder.net,tinder,і (U+0456) -> i (U+0069),Single-Character
tіnder.online,YES,tinder.online,tinder,і (U+0456) -> i (U+0069),Single-Character
tіnder.org,YES,tinder.org,tinder,і (U+0456) -> i (U+0069),Single-Character
tіnder.site,YES,tinder.site,tinder,і (U+0456) -> i (U+0069),Single-Character
tіnder.store,YES,tinder.store,tinder,і (U+0456) -> i (U+0069),Single-Character
tіnder.top,YES,tinder.top,tinder,і (U+0456) -> i (U+0069),Single-Character
tіnder.vip,YES,tinder.vip,tinder,і (U+0456) -> i (U+0069),Single-Character
tіnder.xyz,YES,tinder.xyz,tinder,і (U+0456) -> i (U+0069),Single-Character
ubloсk.biz,YES,ubbck.biz,,lo (U+006C U+006F) -> b (U+0062); с (U+0441) -> c (U+0063),Single-Character; Composite (ASCII)
ubloсk.cc,YES,ubbck.cc,,lo (U+006C U+006F) -> b (U+0062); с (U+0441) -> c (U+0063),Single-Character; Composite (ASCII)
ubloсk.click,YES,ubbck.dick,,lo (U+006C U+006F) -> b (U+0062); с (U+0441) -> c (U+0063); cl (U+0063 U+006C) -> d (U+0064),Single-Character; Composite (ASCII)
ubloсk.co,YES,ubbck.co,,lo (U+006C U+006F) -> b (U+0062); с (U+0441) -> c (U+0063),Single-Character; Composite (ASCII)
ubloсk.com,YES,ubbck.com,,lo (U+006C U+006F) -> b (U+0062); с (U+0441) -> c (U+0063),Single-Character; Composite (ASCII)
ubloсk.info,YES,ubbck.info,,lo (U+006C U+006F) -> b (U+0062); с (U+0441) -> c (U+0063),Single-Character; Composite (ASCII)
ubloсk.net,YES,ubbck.net,,lo (U+006C U+006F) -> b (U+0062); с (U+0441) -> c (U+0063),Single-Character; Composite (ASCII)
ubloсk.online,YES,ubbck.online,,lo (U+006C U+006F) -> b (U+0062); с (U+0441) -> c (U+0063),Single-Character; Composite (ASCII)
ubloсk.org,YES,ubbck.org,,lo (U+006C U+006F) -> b (U+0062); с (U+0441) -> c (U+0063),Single-Character; Composite (ASCII)
ubloсk.store,YES,ubbck.store,,lo (U+006C U+006F) -> b (U+0062); с (U+0441) -> c (U+0063),Single-Character; Composite (ASCII)
ubloсk.top,YES,ubbck.top,,lo (U+006C U+006F) -> b (U+0062); с (U+0441) -> c (U+0063),Single-Character; Composite (ASCII)
ubloсk.vip,YES,ubbck.vip,,lo (U+006C U+006F) -> b (U+0062); с (U+0441) -> c (U+0063),Single-Character; Composite (ASCII)
ubloсk.xyz,YES,ubbck.xyz,,lo (U+006C U+006F) -> b (U+0062); с (U+0441) -> c (U+0063),Single-Character; Composite (ASCII)
ubloⲥk.biz,YES,ubbck.biz,,lo (U+006C U+006F) -> b (U+0062); ⲥ (U+2CA5) -> c (U+0063),Single-Character; Composite (ASCII)
ubloⲥk.cc,YES,ubbck.cc,,lo (U+006C U+006F) -> b (U+0062); ⲥ (U+2CA5) -> c (U+0063),Single-Character; Composite (ASCII)
ubloⲥk.click,YES,ubbck.dick,,lo (U+006C U+006F) -> b (U+0062); ⲥ (U+2CA5) -> c (U+0063); cl (U+0063 U+006C) -> d (U+0064),Single-Character; Composite (ASCII)
ubloⲥk.co,YES,ubbck.co,,lo (U+006C U+006F) -> b (U+0062); ⲥ (U+2CA5) -> c (U+0063),Single-Character; Composite (ASCII)
ubloⲥk.com,YES,ubbck.com,,lo (U+006C U+006F) -> b (U+0062); ⲥ (U+2CA5) -> c (U+0063),Single-Character; Composite (ASCII)
ubloⲥk.info,YES,ubbck.info,,lo (U+006C U+006F) -> b (U+0062); ⲥ (U+2CA5) -> c (U+0063),Single-Character; Composite (ASCII)
ubloⲥk.net,YES,ubbck.net,,lo (U+006C U+006F) -> b (U+0062); ⲥ (U+2CA5) -> c (U+0063),Single-Character; Composite (ASCII)
ubloⲥk.online,YES,ubbck.online,,lo (U+006C U+006F) -> b (U+0062); ⲥ (U+2CA5) -> c (U+0063),Single-Character; Composite (ASCII)
ubloⲥk.org,YES,ubbck.org,,lo (U+006C U+006F) -> b (U+0062); ⲥ (U+2CA5) -> c (U+0063),Single-Character; Composite (ASCII)
ubloⲥk.site,YES,ubbck.site,,lo (U+006C U+006F) -> b (U+0062); ⲥ (U+2CA5) -> c (U+0063),Single-Character; Composite (ASCII)
ubloⲥk.store,YES,ubbck.store,,lo (U+006C U+006F) -> b (U+0062); ⲥ (U+2CA5) -> c (U+0063),Single-Character; Composite (ASCII)
ubloⲥk.vip,YES,ubbck.vip,,lo (U+006C U+006F) -> b (U+0062); ⲥ (U+2CA5) -> c (U+0063),Single-Character; Composite (ASCII)
ubloⲥk.xyz,YES,ubbck.xyz,,lo (U+006C U+006F) -> b (U+0062); ⲥ (U+2CA5) -> c (U+0063),Single-Character; Composite (ASCII)
ublоck.cc,YES,ublock.cc,ublock,о (U+043E) -> o (U+006F),Single-Character
ublоck.click,YES,ublock.dick,ublock,о (U+043E) -> o (U+006F); cl (U+0063 U+006C) -> d (U+0064),Single-Character; Composite (ASCII)
ublоck.com,YES,ublock.com,ublock,о (U+043E) -> o (U+006F),Single-Character
ublоck.info,YES,ublock.info,ublock,о (U+043E) -> o (U+006F),Single-Character
ublоck.online,YES,ublock.online,ublock,о (U+043E) -> o (U+006F),Single-Character
ublоck.org,YES,ublock.org,ublock,о (U+043E) -> o (U+006F),Single-Character
ublоck.top,YES,ublock.top,ublock,о (U+043E) -> o (U+006F),Single-Character
ublօck.biz,YES,ublock.biz,ublock,օ (U+0585) -> o (U+006F),Single-Character
ublօck.cc,YES,ublock.cc,ublock,օ (U+0585) -> o (U+006F),Single-Character
ublօck.click,YES,ublock.dick,ublock,օ (U+0585) -> o (U+006F); cl (U+0063 U+006C) -> d (U+0064),Single-Character; Composite (ASCII)
ublօck.co,YES,ublock.co,ublock,օ (U+0585) -> o (U+006F),Single-Character
ublօck.com,YES,ublock.com,ublock,օ (U+0585) -> o (U+006F),Single-Character
ublօck.info,YES,ublock.info,ublock,օ (U+0585) -> o (U+006F),Single-Character
ublօck.net,YES,ublock.net,ublock,օ (U+0585) -> o (U+006F),Single-Character
ublօck.site,YES,ublock.site,ublock,օ (U+0585) -> o (U+006F),Single-Character
ublօck.top,YES,ublock.top,ublock,օ (U+0585) -> o (U+006F),Single-Character
ublօck.vip,YES,ublock.vip,ublock,օ (U+0585) -> o (U+006F),Single-Character
ublօck.xyz,YES,ublock.xyz,ublock,օ (U+0585) -> o (U+006F),Single-Character
ubl໐ck.biz,YES,ublock.biz,ublock,໐ (U+0ED0) -> o (U+006F),Single-Character
ubl໐ck.co,YES,ublock.co,ublock,໐ (U+0ED0) -> o (U+006F),Single-Character
ubl໐ck.com,YES,ublock.com,ublock,໐ (U+0ED0) -> o (U+006F),Single-Character
ubl໐ck.info,YES,ublock.info,ublock,໐ (U+0ED0) -> o (U+006F),Single-Character
ubl໐ck.net,YES,ublock.net,ublock,໐ (U+0ED0) -> o (U+006F),Single-Character
ubl໐ck.online,YES,ublock.online,ublock,໐ (U+0ED0) -> o (U+006F),Single-Character
ubl໐ck.org,YES,ublock.org,ublock,໐ (U+0ED0) -> o (U+006F),Single-Character
ubl໐ck.site,YES,ublock.site,ublock,໐ (U+0ED0) -> o (U+006F),Single-Character
ubl໐ck.top,YES,ublock.top,ublock,໐ (U+0ED0) -> o (U+006F),Single-Character
ubl໐ck.xyz,YES,ublock.xyz,ublock,໐ (U+0ED0) -> o (U+006F),Single-Character
unisvvap.biz,YES,uniswap.biz,uniswap,vv (U+0076 U+0076) -> w (U+0077),Composite (ASCII)
unisvvap.cc,YES,uniswap.cc,uniswap,vv (U+0076 U+0076) -> w (U+0077),Composite (ASCII)
unisvvap.click,YES,uniswap.dick,uniswap,vv (U+0076 U+0076) -> w (U+0077); cl (U+0063 U+006C) -> d (U+0064),Composite (ASCII)
unisvvap.co,YES,uniswap.co,uniswap,vv (U+0076 U+0076) -> w (U+0077),Composite (ASCII)
unisvvap.com,YES,uniswap.com,uniswap,vv (U+0076 U+0076) -> w (U+0077),Composite (ASCII)
unisvvap.info,YES,uniswap.info,uniswap,vv (U+0076 U+0076) -> w (U+0077),Composite (ASCII)
unisvvap.net,YES,uniswap.net,uniswap,vv (U+0076 U+0076) -> w (U+0077),Composite (ASCII)
unisvvap.online,YES,uniswap.online,uniswap,vv (U+0076 U+0076) -> w (U+0077),Composite (ASCII)
unisvvap.org,YES,uniswap.org,uniswap,vv (U+0076 U+0076) -> w (U+0077),Composite (ASCII)
unisvvap.store,YES,uniswap.store,uniswap,vv (U+0076 U+0076) -> w (U+0077),Composite (ASCII)
unisvvap.top,YES,uniswap.top,uniswap,vv (U+0076 U+0076) -> w (U+0077),Composite (ASCII)
unisvvap.vip,YES,uniswap.vip,uniswap,vv (U+0076 U+0076) -> w (U+0077),Composite (ASCII)
unisvvap.xyz,YES,uniswap.xyz,uniswap,vv (U+0076 U+0076) -> w (U+0077),Composite (ASCII)
uniswaр.biz,YES,uniswap.biz,uniswap,р (U+0440) -> p (U+0070),Single-Character
uniswaр.cc,YES,uniswap.cc,uniswap,р (U+0440) -> p (U+0070),Single-Character
uniswaр.click,YES,uniswap.dick,uniswap,р (U+0440) -> p (U+0070); cl (U+0063 U+006C) -> d (U+0064),Single-Character; Composite (ASCII)
uniswaр.co,YES,uniswap.co,uniswap,р (U+0440) -> p (U+0070),Single-Character
uniswaр.com,YES,uniswap.com,uniswap,р (U+0440) -> p (U+0070),Single-Character
uniswaр.info,YES,uniswap.info,uniswap,р (U+0440) -> p (U+0070),Single-Character
uniswaр.net,YES,uniswap.net,uniswap,р (U+0440) -> p (U+0070),Single-Character
uniswaр.online,YES,uniswap.online,uniswap,р (U+0440) -> p (U+0070),Single-Character
uniswaр.org,YES,uniswap.org,uniswap,р (U+0440) -> p (U+0070),Single-Character
uniswaр.site,YES,uniswap.site,uniswap,р (U+0440) -> p (U+0070),Single-Character
uniswaр.store,YES,uniswap.store,uniswap,р (U+0440) -> p (U+0070),Single-Character
uniswaр.top,YES,uniswap.top,uniswap,р (U+0440) -> p (U+0070),Single-Character
uniswaр.xyz,YES,uniswap.xyz,uniswap,р (U+0440) -> p (U+0070),Single-Character
uniswаp.biz,YES,uniswap.biz,uniswap,а (U+0430) -> a (U+0061),Single-Character
uniswаp.cc,YES,uniswap.cc,uniswap,а (U+0430) -> a (U+0061),Single-Character
uniswаp.co,YES,uniswap.co,uniswap,а (U+0430) -> a (U+0061),Single-Character
uniswаp.com,YES,uniswap.com,uniswap,а (U+0430) -> a (U+0061),Single-Character
uniswаp.info,YES,uniswap.info,uniswap,а (U+0430) -> a (U+0061),Single-Character
uniswаp.org,YES,uniswap.org,uniswap,а (U+0430) -> a (U+0061),Single-Character
uniswаp.site,YES,uniswap.site,uniswap,а (U+0430) -> a (U+0061),Single-Character
uniswаp.store,YES,uniswap.store,uniswap,а (U+0430) -> a (U+0061),Single-Character
uniswаp.top,YES,uniswap.top,uniswap,а (U+0430) -> a (U+0061),Single-Character
uniswаp.vip,YES,uniswap.vip,uniswap,а (U+0430) -> a (U+0061),Single-Character
uniswаp.xyz,YES,uniswap.xyz,uniswap,а (U+0430) -> a (U+0061),Single-Character
uniѕwap.biz,YES,uniswap.biz,uniswap,ѕ (U+0455) -> s (U+0073),Single-Character
uniѕwap.cc,YES,uniswap.cc,uniswap,ѕ (U+0455) -> s (U+0073),Single-Character
uniѕwap.click,YES,uniswap.dick,uniswap,ѕ (U+0455) -> s (U+0073); cl (U+0063 U+006C) -> d (U+0064),Single-Character; Composite (ASCII)
uniѕwap.co,YES,uniswap.co,uniswap,ѕ (U+0455) -> s (U+0073),Single-Character
uniѕwap.com,YES,uniswap.com,uniswap,ѕ (U+0455) -> s (U+0073),Single-Character
uniѕwap.net,YES,uniswap.net,uniswap,ѕ (U+0455) -> s (U+0073),Single-Character
uniѕwap.online,YES,uniswap.online,uniswap,ѕ (U+0455) -> s (U+0073),Single-Character
uniѕwap.org,YES,uniswap.org,uniswap,ѕ (U+0455) -> s (U+0073),Single-Character
uniѕwap.site,YES,uniswap.site,uniswap,ѕ (U+0455) -> s (U+0073),Single-Character
uniѕwap.store,YES,uniswap.store,uniswap,ѕ (U+0455) -> s (U+0073),Single-Character
uniѕwap.top,YES,uniswap.top,uniswap,ѕ (U+0455) -> s (U+0073),Single-Character
uniѕwap.vip,YES,uniswap.vip,uniswap,ѕ (U+0455) -> s (U+0073),Single-Character
uniѕwap.xyz,YES,uniswap.xyz,uniswap,ѕ (U+0455) -> s (U+0073),Single-Character
unıswap.cc,YES,uniswap.cc,uniswap,ı (U+0131) -> i (U+0069),Single-Character (Twin)
unıswap.co,YES,uniswap.co,uniswap,ı (U+0131) -> i (U+0069),Single-Character (Twin)
unıswap.com,YES,uniswap.com,uniswap,ı (U+0131) -> i (U+0069),Single-Character (Twin)
unıswap.net,YES,uniswap.net,uniswap,ı (U+0131) -> i (U+0069),Single-Character (Twin)
unıswap.online,YES,uniswap.online,uniswap,ı (U+0131) -> i (U+0069),Single-Character (Twin)
unıswap.org,YES,uniswap.org,uniswap,ı (U+0131) -> i (U+0069),Single-Character (Twin)
unıswap.store,YES,uniswap.store,uniswap,ı (U+0131) -> i (U+0069),Single-Character (Twin)
unıswap.vip,YES,uniswap.vip,uniswap,ı (U+0131) -> i (U+0069),Single-Character (Twin)
unіswap.click,YES,uniswap.dick,uniswap,і (U+0456) -> i (U+0069); cl (U+0063 U+006C) -> d (U+0064),Single-Character; Composite (ASCII)
unіswap.co,YES,uniswap.co,uniswap,і (U+0456) -> i (U+0069),Single-Character
unіswap.com,YES,uniswap.com,uniswap,і (U+0456) -> i (U+0069),Single-Character
unіswap.org,YES,uniswap.org,uniswap,і (U+0456) -> i (U+0069),Single-Character
unіswap.site,YES,uniswap.site,uniswap,і (U+0456) -> i (U+0069),Single-Character
unіswap.store,YES,uniswap.store,uniswap,і (U+0456) -> i (U+0069),Single-Character
unіswap.top,YES,uniswap.top,uniswap,і (U+0456) -> i (U+0069),Single-Character
unіswap.xyz,YES,uniswap.xyz,uniswap,і (U+0456) -> i (U+0069),Single-Character
uspѕ.biz,YES,usps.biz,usps,ѕ (U+0455) -> s (U+0073),Single-Character
uspѕ.cc,YES,usps.cc,usps,ѕ (U+0455) -> s (U+0073),Single-Character
uspѕ.co,YES,usps.co,usps,ѕ (U+0455) -> s (U+0073),Single-Character
uspѕ.com,YES,usps.com,usps,ѕ (U+0455) -> s (U+0073),Single-Character
uspѕ.net,YES,usps.net,usps,ѕ (U+0455) -> s (U+0073),Single-Character
uspѕ.online,YES,usps.online,usps,ѕ (U+0455) -> s (U+0073),Single-Character
uspѕ.org,YES,usps.org,usps,ѕ (U+0455) -> s (U+0073),Single-Character
uspѕ.site,YES,usps.site,usps,ѕ (U+0455) -> s (U+0073),Single-Character
uspѕ.store,YES,usps.store,usps,ѕ (U+0455) -> s (U+0073),Single-Character
uspѕ.top,YES,usps.top,usps,ѕ (U+0455) -> s (U+0073),Single-Character
uspѕ.vip,YES,usps.vip,usps,ѕ (U+0455) -> s (U+0073),Single-Character
uspѕ.xyz,YES,usps.xyz,usps,ѕ (U+0455) -> s (U+0073),Single-Character
usрs.biz,YES,usps.biz,usps,р (U+0440) -> p (U+0070),Single-Character
usрs.cc,YES,usps.cc,usps,р (U+0440) -> p (U+0070),Single-Character
usрs.click,YES,usps.dick,usps,р (U+0440) -> p (U+0070); cl (U+0063 U+006C) -> d (U+0064),Single-Character; Composite (ASCII)
usрs.co,YES,usps.co,usps,р (U+0440) -> p (U+0070),Single-Character
usрs.com,YES,usps.com,usps,р (U+0440) -> p (U+0070),Single-Character
usрs.info,YES,usps.info,usps,р (U+0440) -> p (U+0070),Single-Character
usрs.net,YES,usps.net,usps,р (U+0440) -> p (U+0070),Single-Character
usрs.online,YES,usps.online,usps,р (U+0440) -> p (U+0070),Single-Character
usрs.org,YES,usps.org,usps,р (U+0440) -> p (U+0070),Single-Character
usрs.site,YES,usps.site,usps,р (U+0440) -> p (U+0070),Single-Character
usрs.store,YES,usps.store,usps,р (U+0440) -> p (U+0070),Single-Character
usрs.top,YES,usps.top,usps,р (U+0440) -> p (U+0070),Single-Character
usрs.vip,YES,usps.vip,usps,р (U+0440) -> p (U+0070),Single-Character
usрs.xyz,YES,usps.xyz,usps,р (U+0440) -> p (U+0070),Single-Character
uѕps.biz,YES,usps.biz,usps,ѕ (U+0455) -> s (U+0073),Single-Character
uѕps.cc,YES,usps.cc,usps,ѕ (U+0455) -> s (U+0073),Single-Character
uѕps.click,YES,usps.dick,usps,ѕ (U+0455) -> s (U+0073); cl (U+0063 U+006C) -> d (U+0064),Single-Character; Composite (ASCII)
uѕps.co,YES,usps.co,usps,ѕ (U+0455) -> s (U+0073),Single-Character
uѕps.com,YES,usps.com,usps,ѕ (U+0455) -> s (U+0073),Single-Character
uѕps.info,YES,usps.info,usps,ѕ (U+0455) -> s (U+0073),Single-Character
uѕps.online,YES,usps.online,usps,ѕ (U+0455) -> s (U+0073),Single-Character
uѕps.org,YES,usps.org,usps,ѕ (U+0455) -> s (U+0073),Single-Character
uѕps.site,YES,usps.site,usps,ѕ (U+0455) -> s (U+0073),Single-Character
uѕps.store,YES,usps.store,usps,ѕ (U+0455) -> s (U+0073),Single-Character
uѕps.top,YES,usps.top,usps,ѕ (U+0455) -> s (U+0073),Single-Character
uѕps.xyz,YES,usps.xyz,usps,ѕ (U+0455) -> s (U+0073),Single-Character
visа.biz,YES,visa.biz,visa,а (U+0430) -> a (U+0061),Single-Character
visа.cc,YES,visa.cc,visa,а (U+0430) -> a (U+0061),Single-Character
visа.click,YES,visa.dick,visa,а (U+0430) -> a (U+0061); cl (U+0063 U+006C) -> d (U+0064),Single-Character; Composite (ASCII)
visа.com,YES,visa.com,visa,а (U+0430) -> a (U+0061),Single-Character
visа.info,YES,visa.info,visa,а (U+0430) -> a (U+0061),Single-Character
visа.online,YES,visa.online,visa,а (U+0430) -> a (U+0061),Single-Character
visа.org,YES,visa.org,visa,а (U+0430) -> a (U+0061),Single-Character
visа.site,YES,visa.site,visa,а (U+0430) -> a (U+0061),Single-Character
visа.store,YES,visa.store,visa,а (U+0430) -> a (U+0061),Single-Character
visа.top,YES,visa.top,visa,а (U+0430) -> a (U+0061),Single-Character
visа.vip,YES,visa.vip,visa,а (U+0430) -> a (U+0061),Single-Character
visа.xyz,YES,visa.xyz,visa,а (U+0430) -> a (U+0061),Single-Character
viѕa.biz,YES,visa.biz,visa,ѕ (U+0455) -> s (U+0073),Single-Character
viѕa.click,YES,visa.dick,visa,ѕ (U+0455) -> s (U+0073); cl (U+0063 U+006C) -> d (U+0064),Single-Character; Composite (ASCII)
viѕa.co,YES,visa.co,visa,ѕ (U+0455) -> s (U+0073),Single-Character
viѕa.com,YES,visa.com,visa,ѕ (U+0455) -> s (U+0073),Single-Character
viѕa.info,YES,visa.info,visa,ѕ (U+0455) -> s (U+0073),Single-Character
viѕa.net,YES,visa.net,visa,ѕ (U+0455) -> s (U+0073),Single-Character
viѕa.online,YES,visa.online,visa,ѕ (U+0455) -> s (U+0073),Single-Character
viѕa.org,YES,visa.org,visa,ѕ (U+0455) -> s (U+0073),Single-Character
viѕa.site,YES,visa.site,visa,ѕ (U+0455) -> s (U+0073),Single-Character
viѕa.store,YES,visa.store,visa,ѕ (U+0455) -> s (U+0073),Single-Character
viѕa.top,YES,visa.top,visa,ѕ (U+0455) -> s (U+0073),Single-Character
viѕa.vip,YES,visa.vip,visa,ѕ (U+0455) -> s (U+0073),Single-Character
viѕa.xyz,YES,visa.xyz,visa,ѕ (U+0455) -> s (U+0073),Single-Character
vvalmart.biz,YES,walmart.biz,walmart,vv (U+0076 U+0076) -> w (U+0077),Composite (ASCII)
vvalmart.cc,YES,walmart.cc,walmart,vv (U+0076 U+0076) -> w (U+0077),Composite (ASCII)
vvalmart.com,YES,walmart.com,walmart,vv (U+0076 U+0076) -> w (U+0077),Composite (ASCII)
vvalmart.info,YES,walmart.info,walmart,vv (U+0076 U+0076) -> w (U+0077),Composite (ASCII)
vvalmart.net,YES,walmart.net,walmart,vv (U+0076 U+0076) -> w (U+0077),Composite (ASCII)
vvalmart.online,YES,walmart.online,walmart,vv (U+0076 U+0076) -> w (U+0077),Composite (ASCII)
vvalmart.org,YES,walmart.org,walmart,vv (U+0076 U+0076) -> w (U+0077),Composite (ASCII)
vvalmart.store,YES,walmart.store,walmart,vv (U+0076 U+0076) -> w (U+0077),Composite (ASCII)
vvalmart.top,YES,walmart.top,walmart,vv (U+0076 U+0076) -> w (U+0077),Composite (ASCII)
vvalmart.vip,YES,walmart.vip,walmart,vv (U+0076 U+0076) -> w (U+0077),Composite (ASCII)
vvalmart.xyz,YES,walmart.xyz,walmart,vv (U+0076 U+0076) -> w (U+0077),Composite (ASCII)
vvhatsapp.biz,YES,whatsapp.biz,whatsapp,vv (U+0076 U+0076) -> w (U+0077),Composite (ASCII)
vvhatsapp.cc,YES,whatsapp.cc,whatsapp,vv (U+0076 U+0076) -> w (U+0077),Composite (ASCII)
vvhatsapp.click,YES,whatsapp.dick,whatsapp,vv (U+0076 U+0076) -> w (U+0077); cl (U+0063 U+006C) -> d (U+0064),Composite (ASCII)
vvhatsapp.info,YES,whatsapp.info,whatsapp,vv (U+0076 U+0076) -> w (U+0077),Composite (ASCII)
vvhatsapp.online,YES,whatsapp.online,whatsapp,vv (U+0076 U+0076) -> w (U+0077),Composite (ASCII)
vvhatsapp.org,YES,whatsapp.org,whatsapp,vv (U+0076 U+0076) -> w (U+0077),Composite (ASCII)
vvhatsapp.site,YES,whatsapp.site,whatsapp,vv (U+0076 U+0076) -> w (U+0077),Composite (ASCII)
vvhatsapp.store,YES,whatsapp.store,whatsapp,vv (U+0076 U+0076) -> w (U+0077),Composite (ASCII)
vvhatsapp.top,YES,whatsapp.top,whatsapp,vv (U+0076 U+0076) -> w (U+0077),Composite (ASCII)
vvhatsapp.vip,YES,whatsapp.vip,whatsapp,vv (U+0076 U+0076) -> w (U+0077),Composite (ASCII)
vvhatsapp.xyz,YES,whatsapp.xyz,whatsapp,vv (U+0076 U+0076) -> w (U+0077),Composite (ASCII)
vvikipedia.click,YES,wikipedia.dick,wikipedia,vv (U+0076 U+0076) -> w (U+0077); cl (U+0063 U+006C) -> d (U+0064),Composite (ASCII)
vvikipedia.com,YES,wikipedia.com,wikipedia,vv (U+0076 U+0076) -> w (U+0077),Composite (ASCII)
vvikipedia.net,YES,wikipedia.net,wikipedia,vv (U+0076 U+0076) -> w (U+0077),Composite (ASCII)
vvikipedia.online,YES,wikipedia.online,wikipedia,vv (U+0076 U+0076) -> w (U+0077),Composite (ASCII)
vvikipedia.org,YES,wikipedia.org,wikipedia,vv (U+0076 U+0076) -> w (U+0077),Composite (ASCII)
vvikipedia.site,YES,wikipedia.site,wikipedia,vv (U+0076 U+0076) -> w (U+0077),Composite (ASCII)
vvikipedia.xyz,YES,wikipedia.xyz,wikipedia,vv (U+0076 U+0076) -> w (U+0077),Composite (ASCII)
vısa.biz,YES,visa.biz,visa,ı (U+0131) -> i (U+0069),Single-Character (Twin)
vısa.click,YES,visa.dick,visa,ı (U+0131) -> i (U+0069); cl (U+0063 U+006C) -> d (U+0064),Single-Character (Twin); Composite (ASCII)
vısa.co,YES,visa.co,visa,ı (U+0131) -> i (U+0069),Single-Character (Twin)
vısa.com,YES,visa.com,visa,ı (U+0131) -> i (U+0069),Single-Character (Twin)
vısa.info,YES,visa.info,visa,ı (U+0131) -> i (U+0069),Single-Character (Twin)
vısa.net,YES,visa.net,visa,ı (U+0131) -> i (U+0069),Single-Character (Twin)
vısa.org,YES,visa.org,visa,ı (U+0131) -> i (U+0069),Single-Character (Twin)
vısa.site,YES,visa.site,visa,ı (U+0131) -> i (U+0069),Single-Character (Twin)
vısa.store,YES,visa.store,visa,ı (U+0131) -> i (U+0069),Single-Character (Twin)
vısa.top,YES,visa.top,visa,ı (U+0131) -> i (U+0069),Single-Character (Twin)
vısa.vip,YES,visa.vip,visa,ı (U+0131) -> i (U+0069),Single-Character (Twin)
vısa.xyz,YES,visa.xyz,visa,ı (U+0131) -> i (U+0069),Single-Character (Twin)
vіsa.biz,YES,visa.biz,visa,і (U+0456) -> i (U+0069),Single-Character
vіsa.cc,YES,visa.cc,visa,і (U+0456) -> i (U+0069),Single-Character
vіsa.co,YES,visa.co,visa,і (U+0456) -> i (U+0069),Single-Character
vіsa.com,YES,visa.com,visa,і (U+0456) -> i (U+0069),Single-Character
vіsa.net,YES,visa.net,visa,і (U+0456) -> i (U+0069),Single-Character
vіsa.online,YES,visa.online,visa,і (U+0456) -> i (U+0069),Single-Character
vіsa.org,YES,visa.org,visa,і (U+0456) -> i (U+0069),Single-Character
vіsa.site,YES,visa.site,visa,і (U+0456) -> i (U+0069),Single-Character
vіsa.store,YES,visa.store,visa,і (U+0456) -> i (U+0069),Single-Character
vіsa.top,YES,visa.top,visa,і (U+0456) -> i (U+0069),Single-Character
vіsa.vip,YES,visa.vip,visa,і (U+0456) -> i (U+0069),Single-Character
vіsa.xyz,YES,visa.xyz,visa,і (U+0456) -> i (U+0069),Single-Character
walmаrt.biz,YES,walmart.biz,walmart,а (U+0430) -> a (U+0061),Single-Character
walmаrt.cc,YES,walmart.cc,walmart,а (U+0430) -> a (U+0061),Single-Character
walmаrt.click,YES,walmart.dick,walmart,а (U+0430) -> a (U+0061); cl (U+0063 U+006C) -> d (U+0064),Single-Character; Composite (ASCII)
walmаrt.co,YES,walmart.co,walmart,а (U+0430) -> a (U+0061),Single-Character
walmаrt.com,YES,walmart.com,walmart,а (U+0430) -> a (U+0061),Single-Character
walmаrt.info,YES,walmart.info,walmart,а (U+0430) -> a (U+0061),Single-Character
walmаrt.net,YES,walmart.net,walmart,а (U+0430) -> a (U+0061),Single-Character
walmаrt.online,YES,walmart.online,walmart,а (U+0430) -> a (U+0061),Single-Character
walmаrt.org,YES,walmart.org,walmart,а (U+0430) -> a (U+0061),Single-Character
walmаrt.site,YES,walmart.site,walmart,а (U+0430) -> a (U+0061),Single-Character
walmаrt.store,YES,walmart.store,walmart,а (U+0430) -> a (U+0061),Single-Character
walmаrt.vip,YES,walmart.vip,walmart,а (U+0430) -> a (U+0061),Single-Character
walmаrt.xyz,YES,walmart.xyz,walmart,а (U+0430) -> a (U+0061),Single-Character
walrnart.biz,YES,walmart.biz,walmart,rn (U+0072 U+006E) -> m (U+006D),Composite (ASCII)
walrnart.cc,YES,walmart.cc,walmart,rn (U+0072 U+006E) -> m (U+006D),Composite (ASCII)
walrnart.click,YES,walmart.dick,walmart,rn (U+0072 U+006E) -> m (U+006D); cl (U+0063 U+006C) -> d (U+0064),Composite (ASCII)
walrnart.co,YES,walmart.co,walmart,rn (U+0072 U+006E) -> m (U+006D),Composite (ASCII)
walrnart.com,YES,walmart.com,walmart,rn (U+0072 U+006E) -> m (U+006D),Composite (ASCII)
walrnart.info,YES,walmart.info,walmart,rn (U+0072 U+006E) -> m (U+006D),Composite (ASCII)
walrnart.net,YES,walmart.net,walmart,rn (U+0072 U+006E) -> m (U+006D),Composite (ASCII)
walrnart.online,YES,walmart.online,walmart,rn (U+0072 U+006E) -> m (U+006D),Composite (ASCII)
walrnart.org,YES,walmart.org,walmart,rn (U+0072 U+006E) -> m (U+006D),Composite (ASCII)
walrnart.site,YES,walmart.site,walmart,rn (U+0072 U+006E) -> m (U+006D),Composite (ASCII)
walrnart.store,YES,walmart.store,walmart,rn (U+0072 U+006E) -> m (U+006D),Composite (ASCII)
walrnart.top,YES,walmart.top,walmart,rn (U+0072 U+006E) -> m (U+006D),Composite (ASCII)
walrnart.vip,YES,walmart.vip,walmart,rn (U+0072 U+006E) -> m (U+006D),Composite (ASCII)
walrnart.xyz,YES,walmart.xyz,walmart,rn (U+0072 U+006E) -> m (U+006D),Composite (ASCII)
whatsapр.cc,YES,whatsapp.cc,whatsapp,р (U+0440) -> p (U+0070),Single-Character
whatsapр.click,YES,whatsapp.dick,whatsapp,р (U+0440) -> p (U+0070); cl (U+0063 U+006C) -> d (U+0064),Single-Character; Composite (ASCII)
whatsapр.co,YES,whatsapp.co,whatsapp,р (U+0440) -> p (U+0070),Single-Character
whatsapр.com,YES,whatsapp.com,whatsapp,р (U+0440) -> p (U+0070),Single-Character
whatsapр.info,YES,whatsapp.info,whatsapp,р (U+0440) -> p (U+0070),Single-Character
whatsapр.online,YES,whatsapp.online,whatsapp,р (U+0440) -> p (U+0070),Single-Character
whatsapр.org,YES,whatsapp.org,whatsapp,р (U+0440) -> p (U+0070),Single-Character
whatsapр.site,YES,whatsapp.site,whatsapp,р (U+0440) -> p (U+0070),Single-Character
whatsapр.store,YES,whatsapp.store,whatsapp,р (U+0440) -> p (U+0070),Single-Character
whatsapр.top,YES,whatsapp.top,whatsapp,р (U+0440) -> p (U+0070),Single-Character
whatsapр.vip,YES,whatsapp.vip,whatsapp,р (U+0440) -> p (U+0070),Single-Character
whatsapр.xyz,YES,whatsapp.xyz,whatsapp,р (U+0440) -> p (U+0070),Single-Character
whatsaрp.biz,YES,whatsapp.biz,whatsapp,р (U+0440) -> p (U+0070),Single-Character
whatsaрp.cc,YES,whatsapp.cc,whatsapp,р (U+0440) -> p (U+0070),Single-Character
whatsaрp.click,YES,whatsapp.dick,whatsapp,р (U+0440) -> p (U+0070); cl (U+0063 U+006C) -> d (U+0064),Single-Character; Composite (ASCII)
whatsaрp.com,YES,whatsapp.com,whatsapp,р (U+0440) -> p (U+0070),Single-Character
whatsaрp.info,YES,whatsapp.info,whatsapp,р (U+0440) -> p (U+0070),Single-Character
whatsaрp.net,YES,whatsapp.net,whatsapp,р (U+0440) -> p (U+0070),Single-Character
whatsaрp.online,YES,whatsapp.online,whatsapp,р (U+0440) -> p (U+0070),Single-Character
whatsaрp.site,YES,whatsapp.site,whatsapp,р (U+0440) -> p (U+0070),Single-Character
whatsaрp.store,YES,whatsapp.store,whatsapp,р (U+0440) -> p (U+0070),Single-Character
whatsaрp.top,YES,whatsapp.top,whatsapp,р (U+0440) -> p (U+0070),Single-Character
whatsaрp.vip,YES,whatsapp.vip,whatsapp,р (U+0440) -> p (U+0070),Single-Character
whatsaрp.xyz,YES,whatsapp.xyz,whatsapp,р (U+0440) -> p (U+0070),Single-Character
whatsаpp.biz,YES,whatsapp.biz,whatsapp,а (U+0430) -> a (U+0061),Single-Character
whatsаpp.click,YES,whatsapp.dick,whatsapp,а (U+0430) -> a (U+0061); cl (U+0063 U+006C) -> d (U+0064),Single-Character; Composite (ASCII)
whatsаpp.com,YES,whatsapp.com,whatsapp,а (U+0430) -> a (U+0061),Single-Character
whatsаpp.info,YES,whatsapp.info,whatsapp,а (U+0430) -> a (U+0061),Single-Character
whatsаpp.net,YES,whatsapp.net,whatsapp,а (U+0430) -> a (U+0061),Single-Character
whatsаpp.online,YES,whatsapp.online,whatsapp,а (U+0430) -> a (U+0061),Single-Character
whatsаpp.org,YES,whatsapp.org,whatsapp,а (U+0430) -> a (U+0061),Single-Character
whatsаpp.top,YES,whatsapp.top,whatsapp,а (U+0430) -> a (U+0061),Single-Character
whatsаpp.vip,YES,whatsapp.vip,whatsapp,а (U+0430) -> a (U+0061),Single-Character
whatsаpp.xyz,YES,whatsapp.xyz,whatsapp,а (U+0430) -> a (U+0061),Single-Character
whatѕapp.biz,YES,whatsapp.biz,whatsapp,ѕ (U+0455) -> s (U+0073),Single-Character
whatѕapp.cc,YES,whatsapp.cc,whatsapp,ѕ (U+0455) -> s (U+0073),Single-Character
whatѕapp.co,YES,whatsapp.co,whatsapp,ѕ (U+0455) -> s (U+0073),Single-Character
whatѕapp.com,YES,whatsapp.com,whatsapp,ѕ (U+0455) -> s (U+0073),Single-Character
whatѕapp.net,YES,whatsapp.net,whatsapp,ѕ (U+0455) -> s (U+0073),Single-Character
whatѕapp.org,YES,whatsapp.org,whatsapp,ѕ (U+0455) -> s (U+0073),Single-Character
whatѕapp.site,YES,whatsapp.site,whatsapp,ѕ (U+0455) -> s (U+0073),Single-Character
whatѕapp.top,YES,whatsapp.top,whatsapp,ѕ (U+0455) -> s (U+0073),Single-Character
whatѕapp.vip,YES,whatsapp.vip,whatsapp,ѕ (U+0455) -> s (U+0073),Single-Character
whatѕapp.xyz,YES,whatsapp.xyz,whatsapp,ѕ (U+0455) -> s (U+0073),Single-Character
whаtsapp.biz,YES,whatsapp.biz,whatsapp,а (U+0430) -> a (U+0061),Single-Character
whаtsapp.cc,YES,whatsapp.cc,whatsapp,а (U+0430) -> a (U+0061),Single-Character
whаtsapp.co,YES,whatsapp.co,whatsapp,а (U+0430) -> a (U+0061),Single-Character
whаtsapp.info,YES,whatsapp.info,whatsapp,а (U+0430) -> a (U+0061),Single-Character
whаtsapp.net,YES,whatsapp.net,whatsapp,а (U+0430) -> a (U+0061),Single-Character
whаtsapp.online,YES,whatsapp.online,whatsapp,а (U+0430) -> a (U+0061),Single-Character
whаtsapp.org,YES,whatsapp.org,whatsapp,а (U+0430) -> a (U+0061),Single-Character
whаtsapp.site,YES,whatsapp.site,whatsapp,а (U+0430) -> a (U+0061),Single-Character
whаtsapp.store,YES,whatsapp.store,whatsapp,а (U+0430) -> a (U+0061),Single-Character
whаtsapp.top,YES,whatsapp.top,whatsapp,а (U+0430) -> a (U+0061),Single-Character
whаtsapp.vip,YES,whatsapp.vip,whatsapp,а (U+0430) -> a (U+0061),Single-Character
whаtsapp.xyz,YES,whatsapp.xyz,whatsapp,а (U+0430) -> a (U+0061),Single-Character
wikipeclia.biz,YES,wikipedia.biz,wikipedia,cl (U+0063 U+006C) -> d (U+0064),Composite (ASCII)
wikipeclia.cc,YES,wikipedia.cc,wikipedia,cl (U+0063 U+006C) -> d (U+0064),Composite (ASCII)
wikipeclia.click,YES,wikipedia.dick,wikipedia,cl (U+0063 U+006C) -> d (U+0064); cl (U+0063 U+006C) -> d (U+0064),Composite (ASCII)
wikipeclia.co,YES,wikipedia.co,wikipedia,cl (U+0063 U+006C) -> d (U+0064),Composite (ASCII)
wikipeclia.net,YES,wikipedia.net,wikipedia,cl (U+0063 U+006C) -> d (U+0064),Composite (ASCII)
wikipeclia.online,YES,wikipedia.online,wikipedia,cl (U+0063 U+006C) -> d (U+0064),Composite (ASCII)
wikipeclia.org,YES,wikipedia.org,wikipedia,cl (U+0063 U+006C) -> d (U+0064),Composite (ASCII)
wikipeclia.site,YES,wikipedia.site,wikipedia,cl (U+0063 U+006C) -> d (U+0064),Composite (ASCII)
wikipeclia.top,YES,wikipedia.top,wikipedia,cl (U+0063 U+006C) -> d (U+0064),Composite (ASCII)
wikipeclia.vip,YES,wikipedia.vip,wikipedia,cl (U+0063 U+006C) -> d (U+0064),Composite (ASCII)
wikipeclia.xyz,YES,wikipedia.xyz,wikipedia,cl (U+0063 U+006C) -> d (U+0064),Composite (ASCII)
wikipediа.biz,YES,wikipedia.biz,wikipedia,а (U+0430) -> a (U+0061),Single-Character
wikipediа.click,YES,wikipedia.dick,wikipedia,а (U+0430) -> a (U+0061); cl (U+0063 U+006C) -> d (U+0064),Single-Character; Composite (ASCII)
wikipediа.co,YES,wikipedia.co,wikipedia,а (U+0430) -> a (U+0061),Single-Character
wikipediа.info,YES,wikipedia.info,wikipedia,а (U+0430) -> a (U+0061),Single-Character
wikipediа.net,YES,wikipedia.net,wikipedia,а (U+0430) -> a (U+0061),Single-Character
wikipediа.online,YES,wikipedia.online,wikipedia,а (U+0430) -> a (U+0061),Single-Character
wikipediа.org,YES,wikipedia.org,wikipedia,а (U+0430) -> a (U+0061),Single-Character
wikipediа.store,YES,wikipedia.store,wikipedia,а (U+0430) -> a (U+0061),Single-Character
wikipediа.xyz,YES,wikipedia.xyz,wikipedia,а (U+0430) -> a (U+0061),Single-Character
wikipedıa.com,YES,wikipedia.com,wikipedia,ı (U+0131) -> i (U+0069),Single-Character (Twin)
wikipedıa.net,YES,wikipedia.net,wikipedia,ı (U+0131) -> i (U+0069),Single-Character (Twin)
wikipedıa.org,YES,wikipedia.org,wikipedia,ı (U+0131) -> i (U+0069),Single-Character (Twin)
wikipedıa.site,YES,wikipedia.site,wikipedia,ı (U+0131) -> i (U+0069),Single-Character (Twin)
wikipedіa.co,YES,wikipedia.co,wikipedia,і (U+0456) -> i (U+0069),Single-Character
wikipedіa.info,YES,wikipedia.info,wikipedia,і (U+0456) -> i (U+0069),Single-Character
wikipedіa.online,YES,wikipedia.online,wikipedia,і (U+0456) -> i (U+0069),Single-Character
wikipedіa.org,YES,wikipedia.org,wikipedia,і (U+0456) -> i (U+0069),Single-Character
wikipèdia.cc,YES,wikipedia.cc,wikipedia,,
wikipèdia.com,YES,wikipedia.com,wikipedia,,
wikipèdia.online,YES,wikipedia.online,wikipedia,,
wikipèdia.vip,YES,wikipedia.vip,wikipedia,,
wikipédia.click,YES,wikipedia.dick,wikipedia,é (U+00E9) -> e (U+0065); cl (U+0063 U+006C) -> d (U+0064),Single-Character; Composite (ASCII)
wikipédia.com,YES,wikipedia.com,wikipedia,é (U+00E9) -> e (U+0065),Single-Character
wikipédia.info,YES,wikipedia.info,wikipedia,é (U+00E9) -> e (U+0065),Single-Character
wikipédia.site,YES,wikipedia.site,wikipedia,é (U+00E9) -> e (U+0065),Single-Character
wikipédia.store,YES,wikipedia.store,wikipedia,é (U+00E9) -> e (U+0065),Single-Character
wikipеdia.top,YES,wikipedia.top,wikipedia,е (U+0435) -> e (U+0065),Single-Character
wikiрedia.cc,YES,wikipedia.cc,wikipedia,р (U+0440) -> p (U+0070),Single-Character
wikiрedia.com,YES,wikipedia.com,wikipedia,р (U+0440) -> p (U+0070),Single-Character
wikiрedia.net,YES,wikipedia.net,wikipedia,р (U+0440) -> p (U+0070),Single-Character
wikiрedia.org,YES,wikipedia.org,wikipedia,р (U+0440) -> p (U+0070),Single-Character
wikiрedia.site,YES,wikipedia.site,wikipedia,р (U+0440) -> p (U+0070),Single-Character
wikiрedia.vip,YES,wikipedia.vip,wikipedia,р (U+0440) -> p (U+0070),Single-Character
wikiрedia.xyz,YES,wikipedia.xyz,wikipedia,р (U+0440) -> p (U+0070),Single-Character
wikıpedia.biz,YES,wikipedia.biz,wikipedia,ı (U+0131) -> i (U+0069),Single-Character (Twin)
wikıpedia.cc,YES,wikipedia.cc,wikipedia,ı (U+0131) -> i (U+0069),Single-Character (Twin)
wikıpedia.click,YES,wikipedia.dick,wikipedia,ı (U+0131) -> i (U+0069); cl (U+0063 U+006C) -> d (U+0064),Single-Character (Twin); Composite (ASCII)
wikıpedia.co,YES,wikipedia.co,wikipedia,ı (U+0131) -> i (U+0069),Single-Character (Twin)
wikıpedia.info,YES,wikipedia.info,wikipedia,ı (U+0131) -> i (U+0069),Single-Character (Twin)
wikıpedia.org,YES,wikipedia.org,wikipedia,ı (U+0131) -> i (U+0069),Single-Character (Twin)
wikıpedia.xyz,YES,wikipedia.xyz,wikipedia,ı (U+0131) -> i (U+0069),Single-Character (Twin)
wikіpedia.click,YES,wikipedia.dick,wikipedia,і (U+0456) -> i (U+0069); cl (U+0063 U+006C) -> d (U+0064),Single-Character; Composite (ASCII)
wikіpedia.online,YES,wikipedia.online,wikipedia,і (U+0456) -> i (U+0069),Single-Character
wikіpedia.site,YES,wikipedia.site,wikipedia,і (U+0456) -> i (U+0069),Single-Character
wikіpedia.store,YES,wikipedia.store,wikipedia,і (U+0456) -> i (U+0069),Single-Character
wikіpedia.top,YES,wikipedia.top,wikipedia,і (U+0456) -> i (U+0069),Single-Character
wikіpedia.vip,YES,wikipedia.vip,wikipedia,і (U+0456) -> i (U+0069),Single-Character
wikіpedia.xyz,YES,wikipedia.xyz,wikipedia,і (U+0456) -> i (U+0069),Single-Character
wıkipedia.click,YES,wikipedia.dick,wikipedia,ı (U+0131) -> i (U+0069); cl (U+0063 U+006C) -> d (U+0064),Single-Character (Twin); Composite (ASCII)
wıkipedia.co,YES,wikipedia.co,wikipedia,ı (U+0131) -> i (U+0069),Single-Character (Twin)
wıkipedia.com,YES,wikipedia.com,wikipedia,ı (U+0131) -> i (U+0069),Single-Character (Twin)
wıkipedia.net,YES,wikipedia.net,wikipedia,ı (U+0131) -> i (U+0069),Single-Character (Twin)
wıkipedia.online,YES,wikipedia.online,wikipedia,ı (U+0131) -> i (U+0069),Single-Character (Twin)
wıkipedia.xyz,YES,wikipedia.xyz,wikipedia,ı (U+0131) -> i (U+0069),Single-Character (Twin)
wаlmart.biz,YES,walmart.biz,walmart,а (U+0430) -> a (U+0061),Single-Character
wаlmart.cc,YES,walmart.cc,walmart,а (U+0430) -> a (U+0061),Single-Character
wаlmart.co,YES,walmart.co,walmart,а (U+0430) -> a (U+0061),Single-Character
wаlmart.com,YES,walmart.com,walmart,а (U+0430) -> a (U+0061),Single-Character
wаlmart.info,YES,walmart.info,walmart,а (U+0430) -> a (U+0061),Single-Character
wаlmart.net,YES,walmart.net,walmart,а (U+0430) -> a (U+0061),Single-Character
wаlmart.online,YES,walmart.online,walmart,а (U+0430) -> a (U+0061),Single-Character
wаlmart.org,YES,walmart.org,walmart,а (U+0430) -> a (U+0061),Single-Character
wаlmart.site,YES,walmart.site,walmart,а (U+0430) -> a (U+0061),Single-Character
wаlmart.store,YES,walmart.store,walmart,а (U+0430) -> a (U+0061),Single-Character
wаlmart.top,YES,walmart.top,walmart,а (U+0430) -> a (U+0061),Single-Character
wаlmart.vip,YES,walmart.vip,walmart,а (U+0430) -> a (U+0061),Single-Character
wаlmart.xyz,YES,walmart.xyz,walmart,а (U+0430) -> a (U+0061),Single-Character
wіkipedia.cc,YES,wikipedia.cc,wikipedia,і (U+0456) -> i (U+0069),Single-Character
wіkipedia.click,YES,wikipedia.dick,wikipedia,і (U+0456) -> i (U+0069); cl (U+0063 U+006C) -> d (U+0064),Single-Character; Composite (ASCII)
wіkipedia.com,YES,wikipedia.com,wikipedia,і (U+0456) -> i (U+0069),Single-Character
wіkipedia.online,YES,wikipedia.online,wikipedia,і (U+0456) -> i (U+0069),Single-Character
wіkipedia.org,YES,wikipedia.org,wikipedia,і (U+0456) -> i (U+0069),Single-Character
wіkipedia.site,YES,wikipedia.site,wikipedia,і (U+0456) -> i (U+0069),Single-Character
wіkipedia.xyz,YES,wikipedia.xyz,wikipedia,і (U+0456) -> i (U+0069),Single-Character
yahoо.biz,YES,yahoo.biz,yahoo,о (U+043E) -> o (U+006F),Single-Character
yahoо.cc,YES,yahoo.cc,yahoo,о (U+043E) -> o (U+006F),Single-Character
yahoо.click,YES,yahoo.dick,yahoo,о (U+043E) -> o (U+006F); cl (U+0063 U+006C) -> d (U+0064),Single-Character; Composite (ASCII)
yahoо.co,YES,yahoo.co,yahoo,о (U+043E) -> o (U+006F),Single-Character
yahoо.info,YES,yahoo.info,yahoo,о (U+043E) -> o (U+006F),Single-Character
yahoо.net,YES,yahoo.net,yahoo,о (U+043E) -> o (U+006F),Single-Character
yahoо.org,YES,yahoo.org,yahoo,о (U+043E) -> o (U+006F),Single-Character
yahoо.site,YES,yahoo.site,yahoo,о (U+043E) -> o (U+006F),Single-Character
yahoо.store,YES,yahoo.store,yahoo,о (U+043E) -> o (U+006F),Single-Character
yahoо.vip,YES,yahoo.vip,yahoo,о (U+043E) -> o (U+006F),Single-Character
yahoօ.biz,YES,yahoo.biz,yahoo,օ (U+0585) -> o (U+006F),Single-Character
yahoօ.co,YES,yahoo.co,yahoo,օ (U+0585) -> o (U+006F),Single-Character
yahoօ.com,YES,yahoo.com,yahoo,օ (U+0585) -> o (U+006F),Single-Character
yahoօ.info,YES,yahoo.info,yahoo,օ (U+0585) -> o (U+006F),Single-Character
yahoօ.online,YES,yahoo.online,yahoo,օ (U+0585) -> o (U+006F),Single-Character
yahoօ.org,YES,yahoo.org,yahoo,օ (U+0585) -> o (U+006F),Single-Character
yahoօ.top,YES,yahoo.top,yahoo,օ (U+0585) -> o (U+006F),Single-Character
yahoօ.xyz,YES,yahoo.xyz,yahoo,օ (U+0585) -> o (U+006F),Single-Character
yaho໐.cc,YES,yahoo.cc,yahoo,໐ (U+0ED0) -> o (U+006F),Single-Character
yaho໐.click,YES,yahoo.dick,yahoo,໐ (U+0ED0) -> o (U+006F); cl (U+0063 U+006C) -> d (U+0064),Single-Character; Composite (ASCII)
yaho໐.co,YES,yahoo.co,yahoo,໐ (U+0ED0) -> o (U+006F),Single-Character
yaho໐.com,YES,yahoo.com,yahoo,໐ (U+0ED0) -> o (U+006F),Single-Character
yaho໐.info,YES,yahoo.info,yahoo,໐ (U+0ED0) -> o (U+006F),Single-Character
yaho໐.net,YES,yahoo.net,yahoo,໐ (U+0ED0) -> o (U+006F),Single-Character
yaho໐.site,YES,yahoo.site,yahoo,໐ (U+0ED0) -> o (U+006F),Single-Character
yaho໐.vip,YES,yahoo.vip,yahoo,໐ (U+0ED0) -> o (U+006F),Single-Character
yaho໐.xyz,YES,yahoo.xyz,yahoo,໐ (U+0ED0) -> o (U+006F),Single-Character
yahоo.cc,YES,yahoo.cc,yahoo,о (U+043E) -> o (U+006F),Single-Character
yahоo.co,YES,yahoo.co,yahoo,о (U+043E) -> o (U+006F),Single-Character
yahоo.com,YES,yahoo.com,yahoo,о (U+043E) -> o (U+006F),Single-Character
yahоo.info,YES,yahoo.info,yahoo,о (U+043E) -> o (U+006F),Single-Character
yahоo.net,YES,yahoo.net,yahoo,о (U+043E) -> o (U+006F),Single-Character
yahоo.online,YES,yahoo.online,yahoo,о (U+043E) -> o (U+006F),Single-Character
yahоo.org,YES,yahoo.org,yahoo,о (U+043E) -> o (U+006F),Single-Character
yahоo.store,YES,yahoo.store,yahoo,о (U+043E) -> o (U+006F),Single-Character
yahоo.top,YES,yahoo.top,yahoo,о (U+043E) -> o (U+006F),Single-Character
yahоo.vip,YES,yahoo.vip,yahoo,о (U+043E) -> o (U+006F),Single-Character
yahоo.xyz,YES,yahoo.xyz,yahoo,о (U+043E) -> o (U+006F),Single-Character
yahօo.biz,YES,yahoo.biz,yahoo,օ (U+0585) -> o (U+006F),Single-Character
yahօo.cc,YES,yahoo.cc,yahoo,օ (U+0585) -> o (U+006F),Single-Character
yahօo.click,YES,yahoo.dick,yahoo,օ (U+0585) -> o (U+006F); cl (U+0063 U+006C) -> d (U+0064),Single-Character; Composite (ASCII)
yahօo.co,YES,yahoo.co,yahoo,օ (U+0585) -> o (U+006F),Single-Character
yahօo.com,YES,yahoo.com,yahoo,օ (U+0585) -> o (U+006F),Single-Character
yahօo.info,YES,yahoo.info,yahoo,օ (U+0585) -> o (U+006F),Single-Character
yahօo.net,YES,yahoo.net,yahoo,օ (U+0585) -> o (U+006F),Single-Character
yahօo.org,YES,yahoo.org,yahoo,օ (U+0585) -> o (U+006F),Single-Character
yahօo.site,YES,yahoo.site,yahoo,օ (U+0585) -> o (U+006F),Single-Character
yahօo.store,YES,yahoo.store,yahoo,օ (U+0585) -> o (U+006F),Single-Character
yah໐o.biz,YES,yahoo.biz,yahoo,໐ (U+0ED0) -> o (U+006F),Single-Character
yah໐o.click,YES,yahoo.dick,yahoo,໐ (U+0ED0) -> o (U+006F); cl (U+0063 U+006C) -> d (U+0064),Single-Character; Composite (ASCII)
yah໐o.co,YES,yahoo.co,yahoo,໐ (U+0ED0) -> o (U+006F),Single-Character
yah໐o.online,YES,yahoo.online,yahoo,໐ (U+0ED0) -> o (U+006F),Single-Character
yah໐o.org,YES,yahoo.org,yahoo,໐ (U+0ED0) -> o (U+006F),Single-Character
yah໐o.site,YES,yahoo.site,yahoo,໐ (U+0ED0) -> o (U+006F),Single-Character
yah໐o.store,YES,yahoo.store,yahoo,໐ (U+0ED0) -> o (U+006F),Single-Character
yah໐o.vip,YES,yahoo.vip,yahoo,໐ (U+0ED0) -> o (U+006F),Single-Character
yah໐o.xyz,YES,yahoo.xyz,yahoo,໐ (U+0ED0) -> o (U+006F),Single-Character
yanclex.biz,YES,yandex.biz,yandex,cl (U+0063 U+006C) -> d (U+0064),Composite (ASCII)
yanclex.cc,YES,yandex.cc,yandex,cl (U+0063 U+006C) -> d (U+0064),Composite (ASCII)
yanclex.click,YES,yandex.dick,yandex,cl (U+0063 U+006C) -> d (U+0064); cl (U+0063 U+006C) -> d (U+0064),Composite (ASCII)
yanclex.co,YES,yandex.co,yandex,cl (U+0063 U+006C) -> d (U+0064),Composite (ASCII)
yanclex.com,YES,yandex.com,yandex,cl (U+0063 U+006C) -> d (U+0064),Composite (ASCII)
yanclex.info,YES,yandex.info,yandex,cl (U+0063 U+006C) -> d (U+0064),Composite (ASCII)
yanclex.online,YES,yandex.online,yandex,cl (U+0063 U+006C) -> d (U+0064),Composite (ASCII)
yanclex.org,YES,yandex.org,yandex,cl (U+0063 U+006C) -> d (U+0064),Composite (ASCII)
yanclex.site,YES,yandex.site,yandex,cl (U+0063 U+006C) -> d (U+0064),Composite (ASCII)
yanclex.store,YES,yandex.store,yandex,cl (U+0063 U+006C) -> d (U+0064),Composite (ASCII)
yanclex.vip,YES,yandex.vip,yandex,cl (U+0063 U+006C) -> d (U+0064),Composite (ASCII)
yanclex.xyz,YES,yandex.xyz,yandex,cl (U+0063 U+006C) -> d (U+0064),Composite (ASCII)
yandeх.cc,YES,yandex.cc,yandex,х (U+0445) -> x (U+0078),Single-Character
yandeх.click,YES,yandex.dick,yandex,х (U+0445) -> x (U+0078); cl (U+0063 U+006C) -> d (U+0064),Single-Character; Composite (ASCII)
yandeх.info,YES,yandex.info,yandex,х (U+0445) -> x (U+0078),Single-Character
yandeх.online,YES,yandex.online,yandex,х (U+0445) -> x (U+0078),Single-Character
yandeх.org,YES,yandex.org,yandex,х (U+0445) -> x (U+0078),Single-Character
yandeх.store,YES,yandex.store,yandex,х (U+0445) -> x (U+0078),Single-Character
yandeх.vip,YES,yandex.vip,yandex,х (U+0445) -> x (U+0078),Single-Character
yandeх.xyz,YES,yandex.xyz,yandex,х (U+0445) -> x (U+0078),Single-Character
yandèx.cc,YES,yandex.cc,yandex,,
yandèx.click,YES,yandex.dick,yandex,cl (U+0063 U+006C) -> d (U+0064),Composite (ASCII)
yandèx.com,YES,yandex.com,yandex,,
yandèx.info,YES,yandex.info,yandex,,
yandèx.online,YES,yandex.online,yandex,,
yandèx.site,YES,yandex.site,yandex,,
yandèx.top,YES,yandex.top,yandex,,
yandèx.xyz,YES,yandex.xyz,yandex,,
yandéx.net,YES,yandex.net,yandex,é (U+00E9) -> e (U+0065),Single-Character
yandéx.org,YES,yandex.org,yandex,é (U+00E9) -> e (U+0065),Single-Character
yandéx.site,YES,yandex.site,yandex,é (U+00E9) -> e (U+0065),Single-Character
yandéx.top,YES,yandex.top,yandex,é (U+00E9) -> e (U+0065),Single-Character
yandéx.vip,YES,yandex.vip,yandex,é (U+00E9) -> e (U+0065),Single-Character
yandеx.click,YES,yandex.dick,yandex,е (U+0435) -> e (U+0065); cl (U+0063 U+006C) -> d (U+0064),Single-Character; Composite (ASCII)
yandеx.net,YES,yandex.net,yandex,е (U+0435) -> e (U+0065),Single-Character
yandеx.store,YES,yandex.store,yandex,е (U+0435) -> e (U+0065),Single-Character
yandеx.top,YES,yandex.top,yandex,е (U+0435) -> e (U+0065),Single-Character
yandеx.vip,YES,yandex.vip,yandex,е (U+0435) -> e (U+0065),Single-Character
youtubè.biz,YES,youtube.biz,youtube,,
youtubè.click,YES,youtube.dick,youtube,cl (U+0063 U+006C) -> d (U+0064),Composite (ASCII)
youtubè.co,YES,youtube.co,youtube,,
youtubè.com,YES,youtube.com,youtube,,
youtubè.info,YES,youtube.info,youtube,,
youtubè.net,YES,youtube.net,youtube,,
youtubè.org,YES,youtube.org,youtube,,
youtubè.store,YES,youtube.store,youtube,,
youtubè.top,YES,youtube.top,youtube,,
youtubè.xyz,YES,youtube.xyz,youtube,,
youtubé.biz,YES,youtube.biz,youtube,é (U+00E9) -> e (U+0065),Single-Character
youtubé.co,YES,youtube.co,youtube,é (U+00E9) -> e (U+0065),Single-Character
youtubé.com,YES,youtube.com,youtube,é (U+00E9) -> e (U+0065),Single-Character
youtubé.site,YES,youtube.site,youtube,é (U+00E9) -> e (U+0065),Single-Character
youtubé.store,YES,youtube.store,youtube,é (U+00E9) -> e (U+0065),Single-Character
youtubé.xyz,YES,youtube.xyz,youtube,é (U+00E9) -> e (U+0065),Single-Character
youtubê.com,YES,youtube.com,youtube,,
youtubе.biz,YES,youtube.biz,youtube,е (U+0435) -> e (U+0065),Single-Character
youtubе.click,YES,youtube.dick,youtube,е (U+0435) -> e (U+0065); cl (U+0063 U+006C) -> d (U+0064),Single-Character; Composite (ASCII)
youtubе.online,YES,youtube.online,youtube,е (U+0435) -> e (U+0065),Single-Character
youtubе.org,YES,youtube.org,youtube,е (U+0435) -> e (U+0065),Single-Character
youtubе.site,YES,youtube.site,youtube,е (U+0435) -> e (U+0065),Single-Character
youtubе.vip,YES,youtube.vip,youtube,е (U+0435) -> e (U+0065),Single-Character
youtubе.xyz,YES,youtube.xyz,youtube,е (U+0435) -> e (U+0065),Single-Character
youtuloe.biz,YES,youtube.biz,youtube,lo (U+006C U+006F) -> b (U+0062),Composite (ASCII)
youtuloe.cc,YES,youtube.cc,youtube,lo (U+006C U+006F) -> b (U+0062),Composite (ASCII)
youtuloe.click,YES,youtube.dick,youtube,lo (U+006C U+006F) -> b (U+0062); cl (U+0063 U+006C) -> d (U+0064),Composite (ASCII)
youtuloe.co,YES,youtube.co,youtube,lo (U+006C U+006F) -> b (U+0062),Composite (ASCII)
youtuloe.com,YES,youtube.com,youtube,lo (U+006C U+006F) -> b (U+0062),Composite (ASCII)
youtuloe.info,YES,youtube.info,youtube,lo (U+006C U+006F) -> b (U+0062),Composite (ASCII)
youtuloe.net,YES,youtube.net,youtube,lo (U+006C U+006F) -> b (U+0062),Composite (ASCII)
youtuloe.online,YES,youtube.online,youtube,lo (U+006C U+006F) -> b (U+0062),Composite (ASCII)
youtuloe.org,YES,youtube.org,youtube,lo (U+006C U+006F) -> b (U+0062),Composite (ASCII)
youtuloe.store,YES,youtube.store,youtube,lo (U+006C U+006F) -> b (U+0062),Composite (ASCII)
youtuloe.top,YES,youtube.top,youtube,lo (U+006C U+006F) -> b (U+0062),Composite (ASCII)
youtuloe.vip,YES,youtube.vip,youtube,lo (U+006C U+006F) -> b (U+0062),Composite (ASCII)
youtuloe.xyz,YES,youtube.xyz,youtube,lo (U+006C U+006F) -> b (U+0062),Composite (ASCII)
yàhoo.com,YES,yahoo.com,yahoo,,
yаhoo.biz,YES,yahoo.biz,yahoo,а (U+0430) -> a (U+0061),Single-Character
yаhoo.cc,YES,yahoo.cc,yahoo,а (U+0430) -> a (U+0061),Single-Character
yаhoo.click,YES,yahoo.dick,yahoo,а (U+0430) -> a (U+0061); cl (U+0063 U+006C) -> d (U+0064),Single-Character; Composite (ASCII)
yаhoo.co,YES,yahoo.co,yahoo,а (U+0430) -> a (U+0061),Single-Character
yаhoo.com,YES,yahoo.com,yahoo,а (U+0430) -> a (U+0061),Single-Character
yаhoo.info,YES,yahoo.info,yahoo,а (U+0430) -> a (U+0061),Single-Character
yаhoo.net,YES,yahoo.net,yahoo,а (U+0430) -> a (U+0061),Single-Character
yаhoo.online,YES,yahoo.online,yahoo,а (U+0430) -> a (U+0061),Single-Character
yаhoo.org,YES,yahoo.org,yahoo,а (U+0430) -> a (U+0061),Single-Character
yаhoo.site,YES,yahoo.site,yahoo,а (U+0430) -> a (U+0061),Single-Character
yаhoo.store,YES,yahoo.store,yahoo,а (U+0430) -> a (U+0061),Single-Character
yаhoo.top,YES,yahoo.top,yahoo,а (U+0430) -> a (U+0061),Single-Character
yаhoo.vip,YES,yahoo.vip,yahoo,а (U+0430) -> a (U+0061),Single-Character
yаhoo.xyz,YES,yahoo.xyz,yahoo,а (U+0430) -> a (U+0061),Single-Character
yаndex.biz,YES,yandex.biz,yandex,а (U+0430) -> a (U+0061),Single-Character
yаndex.cc,YES,yandex.cc,yandex,а (U+0430) -> a (U+0061),Single-Character
yаndex.click,YES,yandex.dick,yandex,а (U+0430) -> a (U+0061); cl (U+0063 U+006C) -> d (U+0064),Single-Character; Composite (ASCII)
yаndex.co,YES,yandex.co,yandex,а (U+0430) -> a (U+0061),Single-Character
yаndex.com,YES,yandex.com,yandex,а (U+0430) -> a (U+0061),Single-Character
yаndex.info,YES,yandex.info,yandex,а (U+0430) -> a (U+0061),Single-Character
yаndex.net,YES,yandex.net,yandex,а (U+0430) -> a (U+0061),Single-Character
yаndex.online,YES,yandex.online,yandex,а (U+0430) -> a (U+0061),Single-Character
yаndex.org,YES,yandex.org,yandex,а (U+0430) -> a (U+0061),Single-Character
yаndex.site,YES,yandex.site,yandex,а (U+0430) -> a (U+0061),Single-Character
yаndex.store,YES,yandex.store,yandex,а (U+0430) -> a (U+0061),Single-Character
yаndex.top,YES,yandex.top,yandex,а (U+0430) -> a (U+0061),Single-Character
yаndex.vip,YES,yandex.vip,yandex,а (U+0430) -> a (U+0061),Single-Character
yаndex.xyz,YES,yandex.xyz,yandex,а (U+0430) -> a (U+0061),Single-Character
yоutube.biz,YES,youtube.biz,youtube,о (U+043E) -> o (U+006F),Single-Character
yоutube.cc,YES,youtube.cc,youtube,о (U+043E) -> o (U+006F),Single-Character
yоutube.info,YES,youtube.info,youtube,о (U+043E) -> o (U+006F),Single-Character
yоutube.site,YES,youtube.site,youtube,о (U+043E) -> o (U+006F),Single-Character
yоutube.store,YES,youtube.store,youtube,о (U+043E) -> o (U+006F),Single-Character
yօutube.biz,YES,youtube.biz,youtube,օ (U+0585) -> o (U+006F),Single-Character
yօutube.cc,YES,youtube.cc,youtube,օ (U+0585) -> o (U+006F),Single-Character
yօutube.click,YES,youtube.dick,youtube,օ (U+0585) -> o (U+006F); cl (U+0063 U+006C) -> d (U+0064),Single-Character; Composite (ASCII)
yօutube.com,YES,youtube.com,youtube,օ (U+0585) -> o (U+006F),Single-Character
yօutube.net,YES,youtube.net,youtube,օ (U+0585) -> o (U+006F),Single-Character
yօutube.online,YES,youtube.online,youtube,օ (U+0585) -> o (U+006F),Single-Character
yօutube.org,YES,youtube.org,youtube,օ (U+0585) -> o (U+006F),Single-Character
yօutube.site,YES,youtube.site,youtube,օ (U+0585) -> o (U+006F),Single-Character
yօutube.top,YES,youtube.top,youtube,օ (U+0585) -> o (U+006F),Single-Character
yօutube.xyz,YES,youtube.xyz,youtube,օ (U+0585) -> o (U+006F),Single-Character
y໐utube.biz,YES,youtube.biz,youtube,໐ (U+0ED0) -> o (U+006F),Single-Character
y໐utube.cc,YES,youtube.cc,youtube,໐ (U+0ED0) -> o (U+006F),Single-Character
y໐utube.info,YES,youtube.info,youtube,໐ (U+0ED0) -> o (U+006F),Single-Character
y໐utube.net,YES,youtube.net,youtube,໐ (U+0ED0) -> o (U+006F),Single-Character
y໐utube.online,YES,youtube.online,youtube,໐ (U+0ED0) -> o (U+006F),Single-Character
y໐utube.org,YES,youtube.org,youtube,໐ (U+0ED0) -> o (U+006F),Single-Character
y໐utube.site,YES,youtube.site,youtube,໐ (U+0ED0) -> o (U+006F),Single-Character
y໐utube.store,YES,youtube.store,youtube,໐ (U+0ED0) -> o (U+006F),Single-Character
y໐utube.top,YES,youtube.top,youtube,໐ (U+0ED0) -> o (U+006F),Single-Character
ģmail.com,YES,gmail.com,gmail,,
ınstagram.biz,YES,instagram.biz,instagram,ı (U+0131) -> i (U+0069),Single-Character (Twin)
ınstagram.cc,YES,instagram.cc,instagram,ı (U+0131) -> i (U+0069),Single-Character (Twin)
ınstagram.click,YES,instagram.dick,instagram,ı (U+0131) -> i (U+0069); cl (U+0063 U+006C) -> d (U+0064),Single-Character (Twin); Composite (ASCII)
ınstagram.co,YES,instagram.co,instagram,ı (U+0131) -> i (U+0069),Single-Character (Twin)
ınstagram.com,YES,instagram.com,instagram,ı (U+0131) -> i (U+0069),Single-Character (Twin)
ınstagram.info,YES,instagram.info,instagram,ı (U+0131) -> i (U+0069),Single-Character (Twin)
ınstagram.net,YES,instagram.net,instagram,ı (U+0131) -> i (U+0069),Single-Character (Twin)
ınstagram.online,YES,instagram.online,instagram,ı (U+0131) -> i (U+0069),Single-Character (Twin)
ınstagram.vip,YES,instagram.vip,instagram,ı (U+0131) -> i (U+0069),Single-Character (Twin)
ınstagram.xyz,YES,instagram.xyz,instagram,ı (U+0131) -> i (U+0069),Single-Character (Twin)
аdobe.biz,YES,adobe.biz,adobe,а (U+0430) -> a (U+0061),Single-Character
аdobe.cc,YES,adobe.cc,adobe,а (U+0430) -> a (U+0061),Single-Character
аdobe.click,YES,adobe.dick,adobe,а (U+0430) -> a (U+0061); cl (U+0063 U+006C) -> d (U+0064),Single-Character; Composite (ASCII)
аdobe.com,YES,adobe.com,adobe,а (U+0430) -> a (U+0061),Single-Character
аdobe.info,YES,adobe.info,adobe,а (U+0430) -> a (U+0061),Single-Character
аdobe.net,YES,adobe.net,adobe,а (U+0430) -> a (U+0061),Single-Character
аdobe.online,YES,adobe.online,adobe,а (U+0430) -> a (U+0061),Single-Character
аdobe.org,YES,adobe.org,adobe,а (U+0430) -> a (U+0061),Single-Character
аdobe.site,YES,adobe.site,adobe,а (U+0430) -> a (U+0061),Single-Character
аdobe.store,YES,adobe.store,adobe,а (U+0430) -> a (U+0061),Single-Character
аdobe.top,YES,adobe.top,adobe,а (U+0430) -> a (U+0061),Single-Character
аdobe.vip,YES,adobe.vip,adobe,а (U+0430) -> a (U+0061),Single-Character
аdobe.xyz,YES,adobe.xyz,adobe,а (U+0430) -> a (U+0061),Single-Character
аirbnb.biz,YES,airbnb.biz,airbnb,а (U+0430) -> a (U+0061),Single-Character
аirbnb.cc,YES,airbnb.cc,airbnb,а (U+0430) -> a (U+0061),Single-Character
аirbnb.co,YES,airbnb.co,airbnb,а (U+0430) -> a (U+0061),Single-Character
аirbnb.com,YES,airbnb.com,airbnb,а (U+0430) -> a (U+0061),Single-Character
аirbnb.info,YES,airbnb.info,airbnb,а (U+0430) -> a (U+0061),Single-Character
аirbnb.net,YES,airbnb.net,airbnb,а (U+0430) -> a (U+0061),Single-Character
аirbnb.online,YES,airbnb.online,airbnb,а (U+0430) -> a (U+0061),Single-Character
аirbnb.org,YES,airbnb.org,airbnb,а (U+0430) -> a (U+0061),Single-Character
аirbnb.site,YES,airbnb.site,airbnb,а (U+0430) -> a (U+0061),Single-Character
аirbnb.top,YES,airbnb.top,airbnb,а (U+0430) -> a (U+0061),Single-Character
аirbnb.vip,YES,airbnb.vip,airbnb,а (U+0430) -> a (U+0061),Single-Character
аirbnb.xyz,YES,airbnb.xyz,airbnb,а (U+0430) -> a (U+0061),Single-Character
аlibaba.biz,YES,alibaba.biz,alibaba,а (U+0430) -> a (U+0061),Single-Character
аlibaba.cc,YES,alibaba.cc,alibaba,а (U+0430) -> a (U+0061),Single-Character
аlibaba.co,YES,alibaba.co,alibaba,а (U+0430) -> a (U+0061),Single-Character
аlibaba.com,YES,alibaba.com,alibaba,а (U+0430) -> a (U+0061),Single-Character
аlibaba.info,YES,alibaba.info,alibaba,а (U+0430) -> a (U+0061),Single-Character
аlibaba.net,YES,alibaba.net,alibaba,а (U+0430) -> a (U+0061),Single-Character
аlibaba.online,YES,alibaba.online,alibaba,а (U+0430) -> a (U+0061),Single-Character
аlibaba.org,YES,alibaba.org,alibaba,а (U+0430) -> a (U+0061),Single-Character
аlibaba.site,YES,alibaba.site,alibaba,а (U+0430) -> a (U+0061),Single-Character
аlibaba.store,YES,alibaba.store,alibaba,а (U+0430) -> a (U+0061),Single-Character
аlibaba.top,YES,alibaba.top,alibaba,а (U+0430) -> a (U+0061),Single-Character
аlibaba.vip,YES,alibaba.vip,alibaba,а (U+0430) -> a (U+0061),Single-Character
аlibaba.xyz,YES,alibaba.xyz,alibaba,а (U+0430) -> a (U+0061),Single-Character
аliexpress.biz,YES,aliexpress.biz,aliexpress,а (U+0430) -> a (U+0061),Single-Character
аliexpress.co,YES,aliexpress.co,aliexpress,а (U+0430) -> a (U+0061),Single-Character
аliexpress.com,YES,aliexpress.com,aliexpress,а (U+0430) -> a (U+0061),Single-Character
аliexpress.net,YES,aliexpress.net,aliexpress,а (U+0430) -> a (U+0061),Single-Character
аliexpress.org,YES,aliexpress.org,aliexpress,а (U+0430) -> a (U+0061),Single-Character
аliexpress.store,YES,aliexpress.store,aliexpress,а (U+0430) -> a (U+0061),Single-Character
аliexpress.xyz,YES,aliexpress.xyz,aliexpress,а (U+0430) -> a (U+0061),Single-Character
аmazon.biz,YES,amazon.biz,amazon,а (U+0430) -> a (U+0061),Single-Character
аmazon.cc,YES,amazon.cc,amazon,а (U+0430) -> a (U+0061),Single-Character
аmazon.co,YES,amazon.co,amazon,а (U+0430) -> a (U+0061),Single-Character
аmazon.com,YES,amazon.com,amazon,а (U+0430) -> a (U+0061),Single-Character
аmazon.info,YES,amazon.info,amazon,а (U+0430) -> a (U+0061),Single-Character
аmazon.net,YES,amazon.net,amazon,а (U+0430) -> a (U+0061),Single-Character
аmazon.online,YES,amazon.online,amazon,а (U+0430) -> a (U+0061),Single-Character
аmazon.org,YES,amazon.org,amazon,а (U+0430) -> a (U+0061),Single-Character
аmazon.site,YES,amazon.site,amazon,а (U+0430) -> a (U+0061),Single-Character
аmazon.top,YES,amazon.top,amazon,а (U+0430) -> a (U+0061),Single-Character
аmazon.vip,YES,amazon.vip,amazon,а (U+0430) -> a (U+0061),Single-Character
аmazon.xyz,YES,amazon.xyz,amazon,а (U+0430) -> a (U+0061),Single-Character
аpple.biz,YES,apple.biz,apple,а (U+0430) -> a (U+0061),Single-Character
аpple.cc,YES,apple.cc,apple,а (U+0430) -> a (U+0061),Single-Character
аpple.click,YES,apple.dick,apple,а (U+0430) -> a (U+0061); cl (U+0063 U+006C) -> d (U+0064),Single-Character; Composite (ASCII)
аpple.com,YES,apple.com,apple,а (U+0430) -> a (U+0061),Single-Character
аpple.info,YES,apple.info,apple,а (U+0430) -> a (U+0061),Single-Character
аpple.net,YES,apple.net,apple,а (U+0430) -> a (U+0061),Single-Character
аpple.online,YES,apple.online,apple,а (U+0430) -> a (U+0061),Single-Character
аpple.org,YES,apple.org,apple,а (U+0430) -> a (U+0061),Single-Character
аpple.store,YES,apple.store,apple,а (U+0430) -> a (U+0061),Single-Character
аpple.top,YES,apple.top,apple,а (U+0430) -> a (U+0061),Single-Character
аpple.vip,YES,apple.vip,apple,а (U+0430) -> a (U+0061),Single-Character
аpple.xyz,YES,apple.xyz,apple,а (U+0430) -> a (U+0061),Single-Character
арple.com,YES,apple.com,apple,а (U+0430) -> a (U+0061); р (U+0440) -> p (U+0070),Single-Character
оutlook.cc,YES,outbok.cc,,о (U+043E) -> o (U+006F); lo (U+006C U+006F) -> b (U+0062),Single-Character; Composite (ASCII)
оutlook.click,YES,outbok.dick,,о (U+043E) -> o (U+006F); lo (U+006C U+006F) -> b (U+0062); cl (U+0063 U+006C) -> d (U+0064),Single-Character; Composite (ASCII)
оutlook.info,YES,outbok.info,,о (U+043E) -> o (U+006F); lo (U+006C U+006F) -> b (U+0062),Single-Character; Composite (ASCII)
оutlook.site,YES,outbok.site,,о (U+043E) -> o (U+006F); lo (U+006C U+006F) -> b (U+0062),Single-Character; Composite (ASCII)
оutlook.store,YES,outbok.store,,о (U+043E) -> o (U+006F); lo (U+006C U+006F) -> b (U+0062),Single-Character; Composite (ASCII)
оutlook.vip,YES,outbok.vip,,о (U+043E) -> o (U+006F); lo (U+006C U+006F) -> b (U+0062),Single-Character; Composite (ASCII)
оutlook.xyz,YES,outbok.xyz,,о (U+043E) -> o (U+006F); lo (U+006C U+006F) -> b (U+0062),Single-Character; Composite (ASCII)
рaypal.cc,YES,paypal.cc,paypal,р (U+0440) -> p (U+0070),Single-Character
рaypal.co,YES,paypal.co,paypal,р (U+0440) -> p (U+0070),Single-Character
рaypal.com,YES,paypal.com,paypal,р (U+0440) -> p (U+0070),Single-Character
рaypal.info,YES,paypal.info,paypal,р (U+0440) -> p (U+0070),Single-Character
рaypal.net,YES,paypal.net,paypal,р (U+0440) -> p (U+0070),Single-Character
рaypal.online,YES,paypal.online,paypal,р (U+0440) -> p (U+0070),Single-Character
рaypal.org,YES,paypal.org,paypal,р (U+0440) -> p (U+0070),Single-Character
рaypal.top,YES,paypal.top,paypal,р (U+0440) -> p (U+0070),Single-Character
рaypal.vip,YES,paypal.vip,paypal,р (U+0440) -> p (U+0070),Single-Character
рaypal.xyz,YES,paypal.xyz,paypal,р (U+0440) -> p (U+0070),Single-Character
рinterest.biz,YES,pinterest.biz,pinterest,р (U+0440) -> p (U+0070),Single-Character
рinterest.cc,YES,pinterest.cc,pinterest,р (U+0440) -> p (U+0070),Single-Character
рinterest.co,YES,pinterest.co,pinterest,р (U+0440) -> p (U+0070),Single-Character
рinterest.com,YES,pinterest.com,pinterest,р (U+0440) -> p (U+0070),Single-Character
рinterest.info,YES,pinterest.info,pinterest,р (U+0440) -> p (U+0070),Single-Character
рinterest.online,YES,pinterest.online,pinterest,р (U+0440) -> p (U+0070),Single-Character
рinterest.org,YES,pinterest.org,pinterest,р (U+0440) -> p (U+0070),Single-Character
рinterest.site,YES,pinterest.site,pinterest,р (U+0440) -> p (U+0070),Single-Character
рinterest.store,YES,pinterest.store,pinterest,р (U+0440) -> p (U+0070),Single-Character
рinterest.top,YES,pinterest.top,pinterest,р (U+0440) -> p (U+0070),Single-Character
рinterest.vip,YES,pinterest.vip,pinterest,р (U+0440) -> p (U+0070),Single-Character
рinterest.xyz,YES,pinterest.xyz,pinterest,р (U+0440) -> p (U+0070),Single-Character
рroton.biz,YES,proton.biz,proton,р (U+0440) -> p (U+0070),Single-Character
рroton.cc,YES,proton.cc,proton,р (U+0440) -> p (U+0070),Single-Character
рroton.click,YES,proton.dick,proton,р (U+0440) -> p (U+0070); cl (U+0063 U+006C) -> d (U+0064),Single-Character; Composite (ASCII)
рroton.co,YES,proton.co,proton,р (U+0440) -> p (U+0070),Single-Character
рroton.com,YES,proton.com,proton,р (U+0440) -> p (U+0070),Single-Character
рroton.info,YES,proton.info,proton,р (U+0440) -> p (U+0070),Single-Character
рroton.net,YES,proton.net,proton,р (U+0440) -> p (U+0070),Single-Character
рroton.online,YES,proton.online,proton,р (U+0440) -> p (U+0070),Single-Character
рroton.org,YES,proton.org,proton,р (U+0440) -> p (U+0070),Single-Character
рroton.site,YES,proton.site,proton,р (U+0440) -> p (U+0070),Single-Character
рroton.top,YES,proton.top,proton,р (U+0440) -> p (U+0070),Single-Character
рroton.vip,YES,proton.vip,proton,р (U+0440) -> p (U+0070),Single-Character
сhase.biz,YES,chase.biz,chase,с (U+0441) -> c (U+0063),Single-Character
сhase.click,YES,chase.dick,chase,с (U+0441) -> c (U+0063); cl (U+0063 U+006C) -> d (U+0064),Single-Character; Composite (ASCII)
сhase.co,YES,chase.co,chase,с (U+0441) -> c (U+0063),Single-Character
сhase.com,YES,chase.com,chase,с (U+0441) -> c (U+0063),Single-Character
сhase.info,YES,chase.info,chase,с (U+0441) -> c (U+0063),Single-Character
сhase.net,YES,chase.net,chase,с (U+0441) -> c (U+0063),Single-Character
сhase.org,YES,chase.org,chase,с (U+0441) -> c (U+0063),Single-Character
сhase.store,YES,chase.store,chase,с (U+0441) -> c (U+0063),Single-Character
сhase.top,YES,chase.top,chase,с (U+0441) -> c (U+0063),Single-Character
сhase.vip,YES,chase.vip,chase,с (U+0441) -> c (U+0063),Single-Character
сhase.xyz,YES,chase.xyz,chase,с (U+0441) -> c (U+0063),Single-Character
сoinbase.cc,YES,coinbase.cc,coinbase,с (U+0441) -> c (U+0063),Single-Character
сoinbase.click,YES,coinbase.dick,coinbase,с (U+0441) -> c (U+0063); cl (U+0063 U+006C) -> d (U+0064),Single-Character; Composite (ASCII)
сoinbase.info,YES,coinbase.info,coinbase,с (U+0441) -> c (U+0063),Single-Character
сoinbase.net,YES,coinbase.net,coinbase,с (U+0441) -> c (U+0063),Single-Character
сoinbase.online,YES,coinbase.online,coinbase,с (U+0441) -> c (U+0063),Single-Character
сoinbase.org,YES,coinbase.org,coinbase,с (U+0441) -> c (U+0063),Single-Character
сoinbase.vip,YES,coinbase.vip,coinbase,с (U+0441) -> c (U+0063),Single-Character
сoinbase.xyz,YES,coinbase.xyz,coinbase,с (U+0441) -> c (U+0063),Single-Character
уahoo.biz,YES,yahoo.biz,yahoo,у (U+0443) -> y (U+0079),Single-Character
уahoo.cc,YES,yahoo.cc,yahoo,у (U+0443) -> y (U+0079),Single-Character
уahoo.click,YES,yahoo.dick,yahoo,у (U+0443) -> y (U+0079); cl (U+0063 U+006C) -> d (U+0064),Single-Character; Composite (ASCII)
уahoo.co,YES,yahoo.co,yahoo,у (U+0443) -> y (U+0079),Single-Character
уahoo.com,YES,yahoo.com,yahoo,у (U+0443) -> y (U+0079),Single-Character
уahoo.info,YES,yahoo.info,yahoo,у (U+0443) -> y (U+0079),Single-Character
уahoo.net,YES,yahoo.net,yahoo,у (U+0443) -> y (U+0079),Single-Character
уahoo.online,YES,yahoo.online,yahoo,у (U+0443) -> y (U+0079),Single-Character
уahoo.org,YES,yahoo.org,yahoo,у (U+0443) -> y (U+0079),Single-Character
уahoo.site,YES,yahoo.site,yahoo,у (U+0443) -> y (U+0079),Single-Character
уahoo.store,YES,yahoo.store,yahoo,у (U+0443) -> y (U+0079),Single-Character
уahoo.top,YES,yahoo.top,yahoo,у (U+0443) -> y (U+0079),Single-Character
уahoo.vip,YES,yahoo.vip,yahoo,у (U+0443) -> y (U+0079),Single-Character
уahoo.xyz,YES,yahoo.xyz,yahoo,у (U+0443) -> y (U+0079),Single-Character
уandex.biz,YES,yandex.biz,yandex,у (U+0443) -> y (U+0079),Single-Character
уandex.click,YES,yandex.dick,yandex,у (U+0443) -> y (U+0079); cl (U+0063 U+006C) -> d (U+0064),Single-Character; Composite (ASCII)
уandex.co,YES,yandex.co,yandex,у (U+0443) -> y (U+0079),Single-Character
уandex.info,YES,yandex.info,yandex,у (U+0443) -> y (U+0079),Single-Character
уandex.net,YES,yandex.net,yandex,у (U+0443) -> y (U+0079),Single-Character
уandex.online,YES,yandex.online,yandex,у (U+0443) -> y (U+0079),Single-Character
уandex.site,YES,yandex.site,yandex,у (U+0443) -> y (U+0079),Single-Character
уandex.store,YES,yandex.store,yandex,у (U+0443) -> y (U+0079),Single-Character
уandex.top,YES,yandex.top,yandex,у (U+0443) -> y (U+0079),Single-Character
уandex.vip,YES,yandex.vip,yandex,у (U+0443) -> y (U+0079),Single-Character
уandex.xyz,YES,yandex.xyz,yandex,у (U+0443) -> y (U+0079),Single-Character
уoutube.biz,YES,youtube.biz,youtube,у (U+0443) -> y (U+0079),Single-Character
уoutube.cc,YES,youtube.cc,youtube,у (U+0443) -> y (U+0079),Single-Character
уoutube.click,YES,youtube.dick,youtube,у (U+0443) -> y (U+0079); cl (U+0063 U+006C) -> d (U+0064),Single-Character; Composite (ASCII)
уoutube.co,YES,youtube.co,youtube,у (U+0443) -> y (U+0079),Single-Character
уoutube.com,YES,youtube.com,youtube,у (U+0443) -> y (U+0079),Single-Character
уoutube.info,YES,youtube.info,youtube,у (U+0443) -> y (U+0079),Single-Character
уoutube.net,YES,youtube.net,youtube,у (U+0443) -> y (U+0079),Single-Character
уoutube.online,YES,youtube.online,youtube,у (U+0443) -> y (U+0079),Single-Character
уoutube.org,YES,youtube.org,youtube,у (U+0443) -> y (U+0079),Single-Character
уoutube.site,YES,youtube.site,youtube,у (U+0443) -> y (U+0079),Single-Character
уoutube.store,YES,youtube.store,youtube,у (U+0443) -> y (U+0079),Single-Character
уoutube.top,YES,youtube.top,youtube,у (U+0443) -> y (U+0079),Single-Character
уoutube.xyz,YES,youtube.xyz,youtube,у (U+0443) -> y (U+0079),Single-Character
ѕamsung.biz,YES,samsung.biz,samsung,ѕ (U+0455) -> s (U+0073),Single-Character
ѕamsung.cc,YES,samsung.cc,samsung,ѕ (U+0455) -> s (U+0073),Single-Character
ѕamsung.click,YES,samsung.dick,samsung,ѕ (U+0455) -> s (U+0073); cl (U+0063 U+006C) -> d (U+0064),Single-Character; Composite (ASCII)
ѕamsung.co,YES,samsung.co,samsung,ѕ (U+0455) -> s (U+0073),Single-Character
ѕamsung.info,YES,samsung.info,samsung,ѕ (U+0455) -> s (U+0073),Single-Character
ѕamsung.online,YES,samsung.online,samsung,ѕ (U+0455) -> s (U+0073),Single-Character
ѕamsung.org,YES,samsung.org,samsung,ѕ (U+0455) -> s (U+0073),Single-Character
ѕamsung.site,YES,samsung.site,samsung,ѕ (U+0455) -> s (U+0073),Single-Character
ѕamsung.store,YES,samsung.store,samsung,ѕ (U+0455) -> s (U+0073),Single-Character
ѕamsung.top,YES,samsung.top,samsung,ѕ (U+0455) -> s (U+0073),Single-Character
ѕamsung.vip,YES,samsung.vip,samsung,ѕ (U+0455) -> s (U+0073),Single-Character
ѕamsung.xyz,YES,samsung.xyz,samsung,ѕ (U+0455) -> s (U+0073),Single-Character
ѕharepoint.biz,YES,sharepoint.biz,sharepoint,ѕ (U+0455) -> s (U+0073),Single-Character
ѕharepoint.cc,YES,sharepoint.cc,sharepoint,ѕ (U+0455) -> s (U+0073),Single-Character
ѕharepoint.click,YES,sharepoint.dick,sharepoint,ѕ (U+0455) -> s (U+0073); cl (U+0063 U+006C) -> d (U+0064),Single-Character; Composite (ASCII)
ѕharepoint.co,YES,sharepoint.co,sharepoint,ѕ (U+0455) -> s (U+0073),Single-Character
ѕharepoint.com,YES,sharepoint.com,sharepoint,ѕ (U+0455) -> s (U+0073),Single-Character
ѕharepoint.net,YES,sharepoint.net,sharepoint,ѕ (U+0455) -> s (U+0073),Single-Character
ѕharepoint.online,YES,sharepoint.online,sharepoint,ѕ (U+0455) -> s (U+0073),Single-Character
ѕharepoint.org,YES,sharepoint.org,sharepoint,ѕ (U+0455) -> s (U+0073),Single-Character
ѕharepoint.site,YES,sharepoint.site,sharepoint,ѕ (U+0455) -> s (U+0073),Single-Character
ѕharepoint.store,YES,sharepoint.store,sharepoint,ѕ (U+0455) -> s (U+0073),Single-Character
ѕharepoint.vip,YES,sharepoint.vip,sharepoint,ѕ (U+0455) -> s (U+0073),Single-Character
ѕharepoint.xyz,YES,sharepoint.xyz,sharepoint,ѕ (U+0455) -> s (U+0073),Single-Character
ѕignal.biz,YES,signal.biz,signal,ѕ (U+0455) -> s (U+0073),Single-Character
ѕignal.cc,YES,signal.cc,signal,ѕ (U+0455) -> s (U+0073),Single-Character
ѕignal.click,YES,signal.dick,signal,ѕ (U+0455) -> s (U+0073); cl (U+0063 U+006C) -> d (U+0064),Single-Character; Composite (ASCII)
ѕignal.co,YES,signal.co,signal,ѕ (U+0455) -> s (U+0073),Single-Character
ѕignal.com,YES,signal.com,signal,ѕ (U+0455) -> s (U+0073),Single-Character
ѕignal.info,YES,signal.info,signal,ѕ (U+0455) -> s (U+0073),Single-Character
ѕignal.net,YES,signal.net,signal,ѕ (U+0455) -> s (U+0073),Single-Character
ѕignal.online,YES,signal.online,signal,ѕ (U+0455) -> s (U+0073),Single-Character
ѕignal.org,YES,signal.org,signal,ѕ (U+0455) -> s (U+0073),Single-Character
ѕignal.site,YES,signal.site,signal,ѕ (U+0455) -> s (U+0073),Single-Character
ѕignal.store,YES,signal.store,signal,ѕ (U+0455) -> s (U+0073),Single-Character
ѕignal.top,YES,signal.top,signal,ѕ (U+0455) -> s (U+0073),Single-Character
ѕignal.vip,YES,signal.vip,signal,ѕ (U+0455) -> s (U+0073),Single-Character
ѕpotify.biz,YES,spotify.biz,spotify,ѕ (U+0455) -> s (U+0073),Single-Character
ѕpotify.cc,YES,spotify.cc,spotify,ѕ (U+0455) -> s (U+0073),Single-Character
ѕpotify.click,YES,spotify.dick,spotify,ѕ (U+0455) -> s (U+0073); cl (U+0063 U+006C) -> d (U+0064),Single-Character; Composite (ASCII)
ѕpotify.co,YES,spotify.co,spotify,ѕ (U+0455) -> s (U+0073),Single-Character
ѕpotify.com,YES,spotify.com,spotify,ѕ (U+0455) -> s (U+0073),Single-Character
ѕpotify.info,YES,spotify.info,spotify,ѕ (U+0455) -> s (U+0073),Single-Character
ѕpotify.online,YES,spotify.online,spotify,ѕ (U+0455) -> s (U+0073),Single-Character
ѕpotify.org,YES,spotify.org,spotify,ѕ (U+0455) -> s (U+0073),Single-Character
ѕpotify.site,YES,spotify.site,spotify,ѕ (U+0455) -> s (U+0073),Single-Character
ѕpotify.store,YES,spotify.store,spotify,ѕ (U+0455) -> s (U+0073),Single-Character
ѕpotify.top,YES,spotify.top,spotify,ѕ (U+0455) -> s (U+0073),Single-Character
ѕpotify.vip,YES,spotify.vip,spotify,ѕ (U+0455) -> s (U+0073),Single-Character
ѕpotify.xyz,YES,spotify.xyz,spotify,ѕ (U+0455) -> s (U+0073),Single-Character
ѕteam.biz,YES,steam.biz,steam,ѕ (U+0455) -> s (U+0073),Single-Character
ѕteam.cc,YES,steam.cc,steam,ѕ (U+0455) -> s (U+0073),Single-Character
ѕteam.click,YES,steam.dick,steam,ѕ (U+0455) -> s (U+0073); cl (U+0063 U+006C) -> d (U+0064),Single-Character; Composite (ASCII)
ѕteam.co,YES,steam.co,steam,ѕ (U+0455) -> s (U+0073),Single-Character
ѕteam.com,YES,steam.com,steam,ѕ (U+0455) -> s (U+0073),Single-Character
ѕteam.info,YES,steam.info,steam,ѕ (U+0455) -> s (U+0073),Single-Character
ѕteam.net,YES,steam.net,steam,ѕ (U+0455) -> s (U+0073),Single-Character
ѕteam.online,YES,steam.online,steam,ѕ (U+0455) -> s (U+0073),Single-Character
ѕteam.org,YES,steam.org,steam,ѕ (U+0455) -> s (U+0073),Single-Character
ѕteam.site,YES,steam.site,steam,ѕ (U+0455) -> s (U+0073),Single-Character
ѕteam.store,YES,steam.store,steam,ѕ (U+0455) -> s (U+0073),Single-Character
ѕteam.top,YES,steam.top,steam,ѕ (U+0455) -> s (U+0073),Single-Character
ѕteam.vip,YES,steam.vip,steam,ѕ (U+0455) -> s (U+0073),Single-Character
ѕteam.xyz,YES,steam.xyz,steam,ѕ (U+0455) -> s (U+0073),Single-Character
іnstagram.biz,YES,instagram.biz,instagram,і (U+0456) -> i (U+0069),Single-Character
іnstagram.cc,YES,instagram.cc,instagram,і (U+0456) -> i (U+0069),Single-Character
іnstagram.click,YES,instagram.dick,instagram,і (U+0456) -> i (U+0069); cl (U+0063 U+006C) -> d (U+0064),Single-Character; Composite (ASCII)
іnstagram.co,YES,instagram.co,instagram,і (U+0456) -> i (U+0069),Single-Character
іnstagram.com,YES,instagram.com,instagram,і (U+0456) -> i (U+0069),Single-Character
іnstagram.info,YES,instagram.info,instagram,і (U+0456) -> i (U+0069),Single-Character
іnstagram.org,YES,instagram.org,instagram,і (U+0456) -> i (U+0069),Single-Character
іnstagram.site,YES,instagram.site,instagram,і (U+0456) -> i (U+0069),Single-Character
іnstagram.store,YES,instagram.store,instagram,і (U+0456) -> i (U+0069),Single-Character
іnstagram.top,YES,instagram.top,instagram,і (U+0456) -> i (U+0069),Single-Character
іnstagram.vip,YES,instagram.vip,instagram,і (U+0456) -> i (U+0069),Single-Character
օutlook.biz,YES,outbok.biz,,օ (U+0585) -> o (U+006F); lo (U+006C U+006F) -> b (U+0062),Single-Character; Composite (ASCII)
օutlook.cc,YES,outbok.cc,,օ (U+0585) -> o (U+006F); lo (U+006C U+006F) -> b (U+0062),Single-Character; Composite (ASCII)
օutlook.click,YES,outbok.dick,,օ (U+0585) -> o (U+006F); lo (U+006C U+006F) -> b (U+0062); cl (U+0063 U+006C) -> d (U+0064),Single-Character; Composite (ASCII)
օutlook.co,YES,outbok.co,,օ (U+0585) -> o (U+006F); lo (U+006C U+006F) -> b (U+0062),Single-Character; Composite (ASCII)
օutlook.com,YES,outbok.com,,օ (U+0585) -> o (U+006F); lo (U+006C U+006F) -> b (U+0062),Single-Character; Composite (ASCII)
օutlook.info,YES,outbok.info,,օ (U+0585) -> o (U+006F); lo (U+006C U+006F) -> b (U+0062),Single-Character; Composite (ASCII)
օutlook.net,YES,outbok.net,,օ (U+0585) -> o (U+006F); lo (U+006C U+006F) -> b (U+0062),Single-Character; Composite (ASCII)
օutlook.online,YES,outbok.online,,օ (U+0585) -> o (U+006F); lo (U+006C U+006F) -> b (U+0062),Single-Character; Composite (ASCII)
օutlook.org,YES,outbok.org,,օ (U+0585) -> o (U+006F); lo (U+006C U+006F) -> b (U+0062),Single-Character; Composite (ASCII)
օutlook.site,YES,outbok.site,,օ (U+0585) -> o (U+006F); lo (U+006C U+006F) -> b (U+0062),Single-Character; Composite (ASCII)
օutlook.store,YES,outbok.store,,օ (U+0585) -> o (U+006F); lo (U+006C U+006F) -> b (U+0062),Single-Character; Composite (ASCII)
օutlook.top,YES,outbok.top,,օ (U+0585) -> o (U+006F); lo (U+006C U+006F) -> b (U+0062),Single-Character; Composite (ASCII)
օutlook.xyz,YES,outbok.xyz,,օ (U+0585) -> o (U+006F); lo (U+006C U+006F) -> b (U+0062),Single-Character; Composite (ASCII)
໐utlook.biz,YES,outbok.biz,,໐ (U+0ED0) -> o (U+006F); lo (U+006C U+006F) -> b (U+0062),Single-Character; Composite (ASCII)
໐utlook.co,YES,outbok.co,,໐ (U+0ED0) -> o (U+006F); lo (U+006C U+006F) -> b (U+0062),Single-Character; Composite (ASCII)
໐utlook.com,YES,outbok.com,,໐ (U+0ED0) -> o (U+006F); lo (U+006C U+006F) -> b (U+0062),Single-Character; Composite (ASCII)
໐utlook.net,YES,outbok.net,,໐ (U+0ED0) -> o (U+006F); lo (U+006C U+006F) -> b (U+0062),Single-Character; Composite (ASCII)
໐utlook.site,YES,outbok.site,,໐ (U+0ED0) -> o (U+006F); lo (U+006C U+006F) -> b (U+0062),Single-Character; Composite (ASCII)
໐utlook.store,YES,outbok.store,,໐ (U+0ED0) -> o (U+006F); lo (U+006C U+006F) -> b (U+0062),Single-Character; Composite (ASCII)
໐utlook.top,YES,outbok.top,,໐ (U+0ED0) -> o (U+006F); lo (U+006C U+006F) -> b (U+0062),Single-Character; Composite (ASCII)
໐utlook.vip,YES,outbok.vip,,໐ (U+0ED0) -> o (U+006F); lo (U+006C U+006F) -> b (U+0062),Single-Character; Composite (ASCII)
໐utlook.xyz,YES,outbok.xyz,,໐ (U+0ED0) -> o (U+006F); lo (U+006C U+006F) -> b (U+0062),Single-Character; Composite (ASCII)
ⲥhase.biz,YES,chase.biz,chase,ⲥ (U+2CA5) -> c (U+0063),Single-Character
ⲥhase.cc,YES,chase.cc,chase,ⲥ (U+2CA5) -> c (U+0063),Single-Character
ⲥhase.click,YES,chase.dick,chase,ⲥ (U+2CA5) -> c (U+0063); cl (U+0063 U+006C) -> d (U+0064),Single-Character; Composite (ASCII)
ⲥhase.co,YES,chase.co,chase,ⲥ (U+2CA5) -> c (U+0063),Single-Character
ⲥhase.net,YES,chase.net,chase,ⲥ (U+2CA5) -> c (U+0063),Single-Character
ⲥhase.site,YES,chase.site,chase,ⲥ (U+2CA5) -> c (U+0063),Single-Character
ⲥhase.store,YES,chase.store,chase,ⲥ (U+2CA5) -> c (U+0063),Single-Character
ⲥhase.top,YES,chase.top,chase,ⲥ (U+2CA5) -> c (U+0063),Single-Character
ⲥhase.xyz,YES,chase.xyz,chase,ⲥ (U+2CA5) -> c (U+0063),Single-Character
ⲥoinbase.co,YES,coinbase.co,coinbase,ⲥ (U+2CA5) -> c (U+0063),Single-Character
ⲥoinbase.info,YES,coinbase.info,coinbase,ⲥ (U+2CA5) -> c (U+0063),Single-Character
ⲥoinbase.net,YES,coinbase.net,coinbase,ⲥ (U+2CA5) -> c (U+0063),Single-Character
ⲥoinbase.store,YES,coinbase.store,coinbase,ⲥ (U+2CA5) -> c (U+0063),Single-Character
ⲥoinbase.top,YES,coinbase.top,coinbase,ⲥ (U+2CA5) -> c (U+0063),Single-Character
ⲥoinbase.vip,YES,coinbase.vip,coinbase,ⲥ (U+2CA5) -> c (U+0063),Single-Character
